id,first_name,email,gender
84,Aaron,achurchill2b@umich.edu,Male
110,Abbe,aperacco31@npr.org,Female
477,Abby,awaddied8@sfgate.com,Male
219,Abby,acoaker62@bing.com,Male
87,Abdul,apannaman2e@squidoo.com,Male
779,Abelard,agoodersonlm@globo.com,Male
687,Abeu,awarinj2@booking.com,Male
602,Abigael,aromkegp@elegantthemes.com,Female
405,Abner,abottrillb8@t.co,Male
812,Addi,agarnulmj@ning.com,Female
583,Adeline,aoloughling6@yandex.ru,Female
329,Adina,astubbe94@simplemachines.org,Female
134,Adore,awetherburn3p@clickbank.net,Female
786,Adriaens,aplenderleithlt@elegantthemes.com,Female
440,Aeriell,adecleynec7@tripadvisor.com,Female
916,Agata,agoodshippf@umich.edu,Female
31,Aggie,amcallenu@forbes.com,Female
670,Aile,awakeril@ebay.com,Female
131,Ailee,aianiello3m@businesswire.com,Female
899,Ajay,aessexoy@wikipedia.org,Female
221,Aksel,aanelay64@house.gov,Male
627,Aksel,aweedhe@cisco.com,Male
526,Alanson,ableacherel@icq.com,Male
399,Alanson,adullaghanb2@pbs.org,Male
211,Alaric,abuscher5u@spotify.com,Male
233,Alasteir,arehme6g@goodreads.com,Male
578,Alayne,acleyburng1@list-manage.com,Female
617,Albina,asturmh4@shop-pro.jp,Female
599,Aldon,aruttgm@hexun.com,Male
879,Aldus,adurmanoe@pinterest.com,Male
146,Alecia,aeade41@topsy.com,Female
395,Alexandra,adurransay@wix.com,Female
681,Alexia,adelacourtiw@dailymail.co.uk,Female
908,Alfy,adevonsp7@amazon.co.uk,Male
665,Ali,asowreyig@rediff.com,Male
425,Ali,amatteobs@opera.com,Female
567,Alisun,astradlingfq@shop-pro.jp,Female
719,Allan,agrimejy@elpais.com,Male
575,Allegra,ashermefy@gov.uk,Female
73,Allix,adebenedetti20@dagondesign.com,Female
453,Aloin,aberzonck@auda.org.au,Male
709,Aloysia,aeverettjo@slashdot.org,Female
589,Althea,aheavysidegc@flickr.com,Female
502,Alvie,agedgedx@archive.org,Male
293,Alvin,abigland84@odnoklassniki.ru,Male
419,Alysia,ahuntingbm@gov.uk,Female
118,Alyson,akrimmer39@wordpress.com,Female
696,Amalie,asummersbyjb@github.com,Female
878,Ambrose,ariddifordod@newyorker.com,Male
503,Amerigo,abradburnedy@tuttocitta.it,Male
538,Amerigo,afoundex@blogs.com,Male
287,Anabal,amacenzy7y@unesco.org,Female
600,Anatola,acrimpegn@ocn.ne.jp,Female
824,Andie,alellomv@toplist.cz,Female
26,Andie,avazquezp@economist.com,Male
126,Angelle,abolton3h@about.com,Female
846,Angie,aantonsennh@yale.edu,Male
992,Angil,abreachrj@china.com.cn,Female
417,Ania,aempringhambk@delicious.com,Female
474,Anitra,atoyed5@cdbaby.com,Female
75,Anjanette,afitzgeorge22@ezinearticles.com,Female
309,Annabell,abiggerdike8k@xing.com,Female
660,Annadiana,abuxeyib@senate.gov,Female
493,Annadiana,abumbydo@who.int,Female
70,Annaliese,agutowski1x@freewebs.com,Female
29,Annamaria,adigginss@hubpages.com,Female
928,Annamarie,aburnelpr@salon.com,Female
754,Anne-corinne,aactonkx@opensource.org,Female
729,Anneliese,akimmingsk8@yellowbook.com,Female
762,Anthea,ahoodlassl5@google.com,Female
130,Anthia,abarszczewski3l@scribd.com,Female
603,Antons,asporlegq@psu.edu,Male
273,Appolonia,aneiland7k@google.it,Female
957,Arch,aphilipsonqk@nps.gov,Male
81,Ardella,ahickeringill28@nba.com,Female
802,Ardelle,amackernessm9@boston.com,Female
511,Arlette,afarncombe6@reverbnation.com,Female
801,Arny,atysallm8@yelp.com,Male
265,Aron,aseel7c@army.mil,Male
545,Artemas,apendellf4@facebook.com,Male
375,Arvie,amackeanae@businessweek.com,Male
504,Arvin,aswindz@example.com,Male
530,Ashlen,alarciereep@google.com.hk,Female
416,Ashley,agatrellbj@topsy.com,Female
470,Asia,aclapisond1@va.gov,Female
568,Aubrette,apatzeltfr@prlog.org,Female
374,Aubrie,akleinfeldad@newsvine.com,Female
658,Augustin,apaueli9@bluehost.com,Male
352,Augustine,atreadwell9r@home.pl,Male
920,Aurelia,afetterspj@google.pl,Female
197,Aurora,apease5g@hc360.com,Female
350,Austen,abeese9p@simplemachines.org,Male
984,Avis,ajanssensrb@shareasale.com,Female
669,Avram,abatchik@hatena.ne.jp,Male
724,Avril,athomingak3@netvibes.com,Female
58,Babbie,bmcgarel1l@over-blog.com,Female
613,Babette,bdudlistonh0@jugem.jp,Female
705,Bale,bminshawjk@freewebs.com,Male
863,Bambi,bgawthropny@smugmug.com,Female
996,Barclay,boffordrn@nps.gov,Male
803,Barnard,bdelaperrellema@pcworld.com,Male
610,Barnebas,blutogx@xrea.com,Male
727,Barnebas,bgunsonk6@soup.io,Male
939,Barrie,bdunkerlyq2@reuters.com,Male
703,Bartlet,balexsandrowiczji@barnesandnoble.com,Male
994,Bartlett,bcreswellrl@biblegateway.com,Male
104,Barton,blockier2v@usnews.com,Male
905,Basilius,bjobesp4@narod.ru,Male
787,Bat,bargylelu@mapquest.com,Male
89,Bearnard,bbachelor2g@taobao.com,Male
342,Beatrice,bholah9h@yolasite.com,Female
579,Belia,bvittorig2@vkontakte.ru,Female
325,Bendix,bwogdon90@virginia.edu,Male
904,Benedick,bgilbanep3@cpanel.net,Male
889,Benjie,bosharryoo@digg.com,Male
61,Benny,bgorring1o@addtoany.com,Female
634,Benson,bgumbyhl@about.me,Male
848,Berna,bmcguanenj@imageshack.us,Female
784,Berna,bgoodbournlr@51.la,Female
875,Bernadette,broomeoa@etsy.com,Female
344,Bernete,bpessolt9j@youtu.be,Female
576,Berny,bjurickfz@ustream.tv,Female
858,Bertha,bjacknt@si.edu,Female
651,Berty,bpaddeleyi2@t.co,Male
106,Bethena,bmcilmurray2x@example.com,Female
201,Beverlie,barmatys5k@weibo.com,Female
621,Beverlie,badamowiczh8@networksolutions.com,Female
249,Bianka,bitzkov6w@hugedomains.com,Female
289,Bili,bdonovin80@dmoz.org,Female
764,Birgit,bwincerl7@google.com.hk,Female
34,Blake,btraskx@berkeley.edu,Male
843,Blancha,bdachne@blogs.com,Female
397,Blancha,bisakovitchb0@marriott.com,Female
967,Blancha,bpischoffqu@hatena.ne.jp,Female
495,Blanche,bdebrettdq@virginia.edu,Female
162,Blondelle,bguillerman4h@biblegateway.com,Female
276,Blondie,bkilduff7n@unesco.org,Female
413,Bondy,bbrodeurbg@oracle.com,Male
553,Bonita,blebbonfc@google.ca,Female
465,Bonny,bgarkencw@mediafire.com,Female
452,Boote,blilliecj@fema.gov,Male
883,Brade,bdimmeroi@mozilla.com,Male
969,Bradney,bbigadikeqw@cnbc.com,Male
423,Brendan,bmatuszakbq@cnet.com,Male
90,Brendis,bmcgill2h@mayoclinic.com,Male
113,Brennan,bpashen34@odnoklassniki.ru,Male
388,Briggs,bbeagleyar@yale.edu,Male
497,Brina,bloidlds@webnode.com,Female
501,Brion,binottdw@guardian.co.uk,Male
112,Britt,bnorthill33@telegraph.co.uk,Female
378,Britt,bfernieah@example.com,Male
560,Brnaby,bheathfj@bbc.co.uk,Male
8,Brock,bbakeup7@creativecommons.org,Male
605,Brynn,bcameranags@guardian.co.uk,Female
50,Brynna,bpantin1d@yellowpages.com,Female
880,Budd,bstaddonof@ovh.net,Male
418,Buddy,bbeazebl@simplemachines.org,Male
717,Burlie,bdreweryjw@dyndns.org,Male
945,Burr,bamoriq8@psu.edu,Male
225,Burt,bfluck68@multiply.com,Male
884,Byron,bstansalloj@un.org,Male
730,Cal,ckerinsk9@upenn.edu,Male
612,Callean,crampleygz@sciencedirect.com,Male
343,Calli,cgley9i@stanford.edu,Female
389,Camel,cbimsas@php.net,Female
909,Camille,cvallensp8@redcross.org,Female
706,Cammy,cmcdonandjl@army.mil,Female
903,Cammy,cdougillp2@independent.co.uk,Female
632,Carena,cbladehj@europa.eu,Female
678,Caresa,chonywillit@mlb.com,Female
486,Carilyn,csnoddydh@soundcloud.com,Female
178,Carine,cleif4x@eepurl.com,Female
15,Carleen,cstanmoree@comcast.net,Female
785,Carlina,cnairnels@1und1.de,Female
294,Carline,cbann85@dmoz.org,Female
841,Carling,csebleync@zimbio.com,Male
141,Carlo,cdumbrill3w@hp.com,Male
403,Caroljean,cgreatrakesb6@dailymail.co.uk,Female
436,Carson,cvasserc3@mac.com,Male
59,Caryn,cportsmouth1m@infoseek.co.jp,Female
708,Caryn,csquelchjn@creativecommons.org,Female
45,Casper,cgowling18@yahoo.com,Male
46,Cassandry,cbatchelder19@dyndns.org,Female
372,Cassie,cohanveyab@elegantthemes.com,Male
694,Cassius,caudleyj9@theguardian.com,Male
888,Cathi,cwykeon@dailymotion.com,Female
33,Catie,cmoynhamw@friendfeed.com,Female
758,Catriona,cbartkiewiczl1@tripod.com,Female
9,Caz,cjasik8@virginia.edu,Male
103,Chaddie,cgerckens2u@qq.com,Male
306,Chadwick,claverock8h@seattletimes.com,Male
468,Chan,cbussonscz@quantcast.com,Male
326,Chance,cfilippo91@com.com,Male
597,Chane,cwallbankgk@weibo.com,Male
268,Charisse,ccrocket7f@symantec.com,Female
176,Charity,cruddom4v@umich.edu,Female
987,Che,cschachre@umn.edu,Male
948,Chelsae,ctatchellqb@biblegateway.com,Female
274,Chelsey,calgeo7l@fema.gov,Female
738,Chelsey,cgoodsallkh@skype.com,Female
318,Chen,cstedmond8t@columbia.edu,Male
645,Cherri,cotridgehw@tamu.edu,Female
966,Chet,ctesmondqt@aol.com,Male
869,Chlo,cayshfordo4@webnode.com,Female
834,Christa,ckissickn5@facebook.com,Female
482,Christabella,cbehrendsendd@apache.org,Female
548,Christan,cseaf7@vimeo.com,Female
946,Christel,chazemanq9@github.io,Female
78,Christoforo,cdeinhard25@princeton.edu,Male
35,Christoper,cbeekmanny@mayoclinic.com,Male
429,Christy,cgodsellbw@ycombinator.com,Female
259,Christyna,csaby76@wikimedia.org,Female
813,Chrotoem,cdoughterymk@addthis.com,Male
414,Ciro,cglavinbh@indiegogo.com,Male
689,Clair,cburfittj4@g.co,Male
823,Clarine,cmaidenmu@parallels.com,Female
999,Clarke,cchalfainrq@hp.com,Male
248,Claudie,cbollon6v@youku.com,Female
647,Claudine,cjimenezhy@imgur.com,Female
732,Claudio,crichterkb@sfgate.com,Male
524,Clay,cfiddianej@state.gov,Male
853,Clea,csurrno@cyberchimps.com,Female
543,Clemence,ccornnerf2@sciencedirect.com,Female
549,Cleon,caudusf8@state.tx.us,Male
466,Clerissa,csibillecx@w3.org,Female
535,Clerkclaude,clownieeu@icio.us,Male
500,Cletis,clovejoydv@apache.org,Male
531,Cliff,cmclleeseeq@ft.com,Male
116,Cobbie,corange37@usa.gov,Male
412,Codee,clambrickbf@shareasale.com,Female
523,Codie,cwindibankei@amazon.co.uk,Male
462,Cointon,cbrumfieldct@dell.com,Male
960,Colin,ccopelliqn@gravatar.com,Male
565,Collie,cvandervliesfo@mayoclinic.com,Female
896,Colver,cmaureenov@goodreads.com,Male
218,Con,creasce61@cisco.com,Female
901,Conchita,cdarkerp0@istockphoto.com,Female
67,Concordia,cgoodwyn1u@quantcast.com,Female
23,Constance,ccarwardinem@google.de,Female
188,Consuelo,cdehailes57@freewebs.com,Female
269,Cookie,cmosby7g@furl.net,Female
150,Corbett,cgaffer45@nasa.gov,Male
828,Corey,cworsfoldmz@sciencedaily.com,Female
835,Corissa,ckohlertn6@drupal.org,Female
514,Cornell,clambole9@xrea.com,Male
196,Corrie,cstooders5f@jugem.jp,Male
574,Corrina,cwickershamfx@reuters.com,Female
101,Cortney,cbernli2s@rakuten.co.jp,Female
454,Creight,ctaggettcl@sakura.ne.jp,Male
177,Creighton,cgagen4w@infoseek.co.jp,Male
790,Cristal,cfeildenlx@pagesperso-orange.fr,Female
242,Cristobal,cdobrowolski6p@cbslocal.com,Male
198,Cullan,cdroghan5h@china.com.cn,Male
810,Curran,cbumbymh@bloomberg.com,Male
202,Dacey,dgillet5l@boston.com,Female
438,Dagny,dzorzettic5@weather.com,Male
744,Dagny,djosumkn@stanford.edu,Male
324,Daile,dharsnep8z@goodreads.com,Female
844,Dallas,deamesnf@blogspot.com,Male
881,Dallis,dleverageog@seesaa.net,Male
807,Damon,dkarpmannme@ask.com,Male
105,Danella,dpettman2w@umn.edu,Female
749,Daniella,dbortonks@opera.com,Female
4,Danyelle,dmatyja3@blog.com,Female
604,Darelle,dmoulegr@bravesites.com,Female
713,Darlleen,dbortolijs@dion.ne.jp,Female
54,Darrel,dfrankum1h@sciencedaily.com,Male
57,Darsey,dfallis1k@freewebs.com,Female
156,Daryn,dbackshall4b@tmall.com,Female
582,Dasha,ddominguesg5@lulu.com,Female
591,Dav,dwormstonege@paypal.com,Male
285,Davide,dwicks7w@nytimes.com,Male
837,Davin,dackersn8@yellowpages.com,Male
223,Deana,dhollows66@twitter.com,Female
639,Debby,dhamshawhq@miibeian.gov.cn,Female
876,Debi,dpuffettob@apache.org,Female
929,Dedie,dhecksps@virginia.edu,Female
291,Deerdre,ddigger82@netlog.com,Female
25,Deirdre,dconboyo@webs.com,Female
220,Delcine,ddebiasi63@admin.ch,Female
109,Delinda,deaslea30@elegantthemes.com,Female
295,Dell,ddrane86@blogspot.com,Female
209,Deloria,ddickin5s@php.net,Female
167,Demetre,dfraschetti4m@dmoz.org,Male
410,Den,dredsellbd@e-recht24.de,Male
962,Dennis,dgritskovqp@cbslocal.com,Male
516,Dermot,dfilasoveb@salon.com,Male
506,Desi,docarrolle1@delicious.com,Male
720,Desiree,dsteinhamjz@ning.com,Female
43,Devi,dcrocumbe16@archive.org,Female
7,Devy,dprodrick6@latimes.com,Male
258,Devy,dpenella75@indiatimes.com,Male
692,Dewey,dfirpoj7@examiner.com,Male
507,Dewey,dmingayee2@wordpress.com,Male
521,Dicky,dinglesanteg@symantec.com,Male
186,Dilan,dshadrack55@shinystat.com,Male
402,Dillon,dmeliab5@furl.net,Male
431,Dionysus,dcarlessby@multiply.com,Male
390,Dolores,dtraylenat@slate.com,Female
563,Domenic,djellyfm@ed.gov,Male
870,Dominique,dcardilloo5@ifeng.com,Female
710,Donnamarie,dbennettsjp@php.net,Female
668,Donnamarie,dperringij@europa.eu,Female
860,Dorisa,dsouthgatenv@foxnews.com,Female
806,Dorothee,djarretmd@utexas.edu,Female
301,Doti,dganny8c@homestead.com,Female
533,Dotty,dhalwardes@latimes.com,Female
271,Dud,dpash7i@taobao.com,Male
432,Durant,dlahrsbz@weather.com,Male
739,Durant,depiscopioki@4shared.com,Male
736,Dusty,dpetherkf@soup.io,Female
688,Dyanne,dmcloughlinj3@archive.org,Female
581,Dylan,drodliffg4@sphinn.com,Male
42,Eadmund,echinnery15@discuz.net,Male
55,Ealasaid,edeblase1i@woothemes.com,Female
934,Eamon,ehardbattlepx@wikimedia.org,Male
296,Eb,eparradye87@reddit.com,Male
761,Ed,erucklidgel4@reuters.com,Male
244,Eden,epetrolli6r@linkedin.com,Female
527,Edgard,edarragonem@wsj.com,Male
871,Edmund,ebosmano6@youtu.be,Male
6,Efren,ewhayman5@addtoany.com,Male
171,Elbertina,efelip4q@webnode.com,Female
483,Eleonore,erowande@altervista.org,Female
490,Elfrieda,eatchlydl@umn.edu,Female
358,Eli,erichmond9x@nih.gov,Male
794,Elie,efishbournem1@uol.com.br,Female
856,Elizabeth,ecattermoulnr@networksolutions.com,Female
566,Ellswerth,evautierfp@goo.gl,Male
222,Ellwood,etesyro65@unblog.fr,Male
288,Elsy,emackee7z@livejournal.com,Female
756,Elvyn,efarrawaykz@accuweather.com,Male
479,Elysia,edaykinda@google.com,Female
594,Emerson,etaffurelligh@cargocollective.com,Male
561,Emilie,esinnettfk@gov.uk,Female
172,Emily,ekersaw4r@about.com,Female
338,Emlynn,egowman9d@nyu.edu,Female
472,Emlynn,ebretond3@washingtonpost.com,Female
788,Emmanuel,edominolv@mtv.com,Male
586,Englebert,erebillardg9@sourceforge.net,Male
559,Erasmus,ebridgemanfi@webs.com,Male
473,Erastus,esiviord4@vk.com,Male
854,Erda,eprucenp@4shared.com,Female
282,Eric,eslott7t@google.nl,Male
595,Erie,egiottogi@example.com,Male
606,Erinn,egregongt@sakura.ne.jp,Female
649,Erma,ewhitworthi0@marketwatch.com,Female
900,Ernest,emackinnonoz@photobucket.com,Male
778,Ernie,eglantonll@histats.com,Male
253,Erskine,ewillarton70@epa.gov,Male
16,Erwin,emarchingtonf@dmoz.org,Male
975,Esdras,escottesmoorr2@boston.com,Male
851,Estel,ewonfarnm@homestead.com,Female
776,Ethelbert,evondraseklj@disqus.com,Male
340,Eudora,etilberry9f@dell.com,Female
210,Eugen,ewennam5t@smh.com.au,Male
446,Eugene,etuckiecd@usda.gov,Male
243,Eulalie,evampouille6q@seattletimes.com,Female
542,Eunice,edwelleyf1@loc.gov,Female
977,Faina,fcamacker4@geocities.jp,Female
263,Fairlie,fkincey7a@oakley.com,Male
164,Faith,fhouson4j@utexas.edu,Female
179,Fania,ftoping4y@google.fr,Female
947,Fania,fogleasaneqa@yolasite.com,Female
66,Farica,fspada1t@netscape.com,Female
83,Farica,fsprake2a@lycos.com,Female
569,Farley,fspriddlefs@soundcloud.com,Male
556,Farly,fpomfretff@reuters.com,Male
40,Farrel,fyannikov13@omniture.com,Male
789,Faulkner,fkelwaylw@myspace.com,Male
160,Fawnia,fpala4f@jimdo.com,Female
748,Fax,fburnappkr@skyrock.com,Male
411,Faydra,fmacsorleybe@imageshack.us,Female
923,Fayina,fcomportpm@google.de,Female
804,Felicity,fenevoldmb@vinaora.com,Female
959,Feliza,fhamfleetqm@huffingtonpost.com,Female
38,Fiann,falvis11@europa.eu,Female
224,Filberte,fwerrett67@disqus.com,Male
148,Fina,fhourstan43@upenn.edu,Female
740,Findlay,fmacsorleykj@trellian.com,Male
257,Finn,fneely74@disqus.com,Male
320,Fitzgerald,fgaukroger8v@paginegialle.it,Male
256,Fleming,fjakubowicz73@marketwatch.com,Male
664,Flss,fbrittonerif@artisteer.com,Female
2,Frannie,fjecock1@imgur.com,Female
820,Fransisco,fspellessymr@networkadvertising.org,Male
656,Fraze,fkarmeli7@google.ca,Male
154,Freddie,fsummerrell49@ebay.com,Male
982,Frederique,flauksr9@stanford.edu,Female
364,Fredric,fgartina3@weibo.com,Male
683,Frieda,fhabbemaiy@apple.com,Female
919,Gabie,gbushrodpi@springer.com,Male
629,Gabriello,ghubbuckehg@va.gov,Male
286,Galvan,gmaddocks7x@google.com.hk,Male
303,Gannie,gstuer8e@opera.com,Male
140,Garek,gtysall3v@nhs.uk,Male
424,Garrick,gnormabellbr@noaa.gov,Male
716,Garth,gbenallackjv@stanford.edu,Male
926,Garvey,gmcgarrellpp@quantcast.com,Male
912,Gaspar,gcruickshankpb@moonfruit.com,Male
637,Gasper,ggoodbandho@ucoz.ru,Male
181,Gasper,gverney50@usnews.com,Male
28,Gaven,gpiggottr@sogou.com,Male
953,Genovera,gtrayhornqg@adobe.com,Female
125,Georges,geslemont3g@slideshare.net,Male
267,Gerladina,gdimitrie7e@jalbum.net,Female
918,Gerry,gbottlesonph@telegraph.co.uk,Female
355,Gibby,gmarquand9u@microsoft.com,Male
598,Giffard,gfinngl@geocities.jp,Male
874,Gilemette,gtemperleyo9@cargocollective.com,Female
51,Giselbert,gkehri1e@nytimes.com,Male
593,Giselbert,gfrielgg@forbes.com,Male
766,Giuditta,gvaldesl9@virginia.edu,Female
833,Glen,gglendzan4@tamu.edu,Female
956,Glennie,glumbyqj@guardian.co.uk,Female
974,Glyn,gspringhamr1@ft.com,Male
968,Godard,gmartinezqv@rakuten.co.jp,Male
158,Goldarina,gagdahl4d@google.ca,Female
622,Goldy,ggiraudath9@zimbio.com,Female
540,Gordie,glinningez@uol.com.br,Male
898,Gordie,ghowlerox@newsvine.com,Male
592,Gradeigh,gmapletoftgf@wix.com,Male
832,Gran,gbaldackn3@home.pl,Male
138,Grantham,gheinschke3t@gmpg.org,Male
456,Greer,gimlochcn@chicagotribune.com,Female
245,Gregoire,glestrange6s@reddit.com,Male
235,Gregoire,ggascoine6i@noaa.gov,Male
97,Gregor,gfeaster2o@cpanel.net,Male
735,Gretel,ggerhardtke@ning.com,Female
449,Grier,gmicahcg@delicious.com,Female
985,Guillermo,gpettengellrc@toplist.cz,Male
27,Gunner,gmacdirmidq@yellowpages.com,Male
797,Gunther,gbattem4@friendfeed.com,Male
952,Gusella,ggulstonqf@mac.com,Female
102,Gussie,ggasnoll2t@oaic.gov.au,Female
24,Gusta,glawfulln@deviantart.com,Female
18,Gustaf,gjoyceh@tripod.com,Male
251,Gwendolyn,gsaing6y@drupal.org,Female
644,Gwenni,gdelacroixhv@xrea.com,Female
10,Gwynne,gmapston9@topsy.com,Female
489,Hallsy,heddiedk@taobao.com,Male
199,Ham,hattwoul5i@feedburner.com,Male
773,Harald,hstokoelg@moonfruit.com,Male
872,Harriette,hgiurono7@who.int,Female
742,Harry,hnavankl@google.es,Male
552,Harwell,haringtonfb@ucoz.ru,Male
910,Haskell,hfoskewp9@spotify.com,Male
771,Haslett,hrolsele@nature.com,Male
537,Haven,hshakeladyew@reddit.com,Male
615,Hayward,hbrastedh2@statcounter.com,Male
307,Hayyim,huwins8i@linkedin.com,Male
332,Hayyim,hhubberstey97@dropbox.com,Male
677,Heda,htalis@google.com.au,Female
100,Heddi,hberston2r@themeforest.net,Female
246,Helen-elizabeth,hyeardley6t@clickbank.net,Female
836,Henderson,hprangleyn7@lulu.com,Male
793,Henderson,heagleshamm0@tripod.com,Male
434,Henry,hbarbec1@eventbrite.com,Male
680,Hercule,hwinleyiv@time.com,Male
237,Hermione,hfawson6k@oaic.gov.au,Female
433,Hesther,heagarc0@drupal.org,Female
161,Hestia,hmaccauley4g@xing.com,Female
641,Hillie,hstrobandhs@nih.gov,Male
657,Hiram,hvlachi8@gnu.org,Male
275,Hollie,hphilpault7m@printfriendly.com,Female
955,Hollis,hloftqi@wordpress.com,Male
174,Holly,hduffrie4t@java.com,Female
893,Hort,hblanchos@oracle.com,Male
362,Hugues,hodesona1@purevolume.com,Male
200,Hulda,harmatidge5j@oracle.com,Female
195,Humfried,harlott5e@amazon.de,Male
855,Hurleigh,hsheriffnq@prlog.org,Male
313,Hyacinth,hunwins8o@tripadvisor.com,Female
611,Ichabod,imonkmangy@ox.ac.uk,Male
711,Ignacius,ikarpovjq@altervista.org,Male
826,Ike,irobardetmx@e-recht24.de,Male
628,Ingamar,iastinhf@mysql.com,Male
673,Ingmar,ileprevostio@digg.com,Male
768,Ingmar,irosierlb@ebay.co.uk,Male
924,Ingra,iaishpn@illinois.edu,Male
864,Ingrim,ileathernz@networkadvertising.org,Male
922,Iona,ititfordpl@intel.com,Female
184,Ira,iwarbys53@hao123.com,Female
646,Irene,icrippshx@wikipedia.org,Female
930,Isabelita,idmytrykpt@netvibes.com,Female
808,Isador,isextonmf@wix.com,Male
659,Issie,imosconeia@phoca.cz,Female
142,Ive,ishearer3x@upenn.edu,Male
951,Ivie,imissendenqe@sciencedaily.com,Female
607,Jacky,jgentricgu@360.cn,Male
383,Jacquenetta,jtolomeiam@scientificamerican.com,Female
319,Jada,jscullard8u@springer.com,Female
189,Jade,jmaruska58@europa.eu,Female
769,James,jmcpeicelc@paginegialle.it,Male
143,Janek,jgalliard3y@gnu.org,Male
460,Janeta,jsummerillcr@epa.gov,Female
650,Janice,jantyukhini1@umich.edu,Female
95,Janis,jtyers2m@51.la,Female
175,Jarrad,jsweed4u@phoca.cz,Male
715,Jasmine,jkalbju@tuttocitta.it,Female
448,Jason,jfaheycf@xing.com,Male
519,Jasun,jginglellee@simplemachines.org,Male
925,Jaye,jpotkinspo@amazon.de,Male
370,Jazmin,jpeaplea9@wikimedia.org,Female
391,Jehanna,jhecknerau@bloomberg.com,Female
404,Jemmie,jtregoningb7@home.pl,Female
528,Jen,jrampleeen@elpais.com,Female
941,Jeniffer,jbubbearq4@webs.com,Female
322,Jere,jwhiffen8x@baidu.com,Female
838,Jerrold,jmakeswelln9@economist.com,Male
509,Jervis,jdrinkele4@networksolutions.com,Male
159,Jess,jtrout4e@bloglovin.com,Female
430,Jesse,jdenyukhinbx@usda.gov,Male
867,Jesselyn,jscullino2@goo.gl,Female
752,Jessika,jceschikv@apple.com,Female
420,Jill,jpaitonbn@fc2.com,Female
759,Jillane,jjodrellecl2@meetup.com,Female
387,Jilly,jyakunkinaq@auda.org.au,Female
304,Joana,jjamblin8f@ox.ac.uk,Female
44,Joaquin,jcharlo17@forbes.com,Male
317,Job,jgetcliffe8s@nba.com,Male
398,Jodie,jsagersonb1@parallels.com,Male
192,Jody,jlinford5b@indiatimes.com,Male
396,Joellen,jcranchaz@t.co,Female
314,Joey,jwombwell8p@washingtonpost.com,Female
927,Johann,jiveaghpq@europa.eu,Male
351,Johnnie,jderoberto9q@blogs.com,Male
380,Jon,jkilbanaj@columbia.edu,Male
252,Jonie,jcomellini6z@simplemachines.org,Female
92,Jordon,jbroseke2j@alexa.com,Male
938,Jorgan,jbampfieldq1@bbb.org,Male
180,Judd,jshrimpton4z@themeforest.net,Male
484,Julia,jcastigliodf@home.pl,Female
238,Julian,jjoiris6l@i2i.jp,Male
562,Julius,jsaylesfl@home.pl,Male
970,Junette,jmorsleyqx@networksolutions.com,Female
368,Justen,jconiberea7@mozilla.com,Male
334,Justina,jpietron99@xrea.com,Female
401,Justine,jpikeb4@t-online.de,Female
988,Justinn,jbenoisrf@google.fr,Female
49,Kaia,krioch1c@marriott.com,Female
529,Kaiser,kbaumadiereo@360.cn,Male
19,Kalina,kblenkironi@spiegel.de,Female
229,Kamillah,kswindon6c@sciencedirect.com,Female
145,Kara,khanhart40@smh.com.au,Female
260,Karel,kblesdill77@freewebs.com,Male
190,Kari,kbrecher59@fc2.com,Female
124,Karisa,kragsdale3f@cocolog-nifty.com,Female
654,Karrah,kelcocksi5@blogs.com,Female
515,Karry,kferaghea@trellian.com,Female
510,Karyl,khalliwelle5@sun.com,Female
972,Karyn,kburdfieldqz@nifty.com,Female
194,Kath,kperl5d@diigo.com,Female
409,Kathe,kbleasdillebc@pbs.org,Female
757,Kathryn,ktolcharl0@dot.gov,Female
942,Kathy,kgreeveq5@mashable.com,Female
643,Kayley,kmacaulayhu@hao123.com,Female
99,Kaylil,ksegot2q@liveinternet.ru,Female
369,Kellina,kdracoa8@google.pl,Female
231,Kelwin,kespina6e@weebly.com,Male
767,Ken,kmarcinkowskila@php.net,Male
811,Kennith,kgingermi@wp.com,Male
648,Kerrie,kbowfinhz@instagram.com,Female
676,Kessia,klezemereir@jiathis.com,Female
652,Ketti,kfrodshami3@artisteer.com,Female
949,Kiel,kpawlataqc@jalbum.net,Male
541,Kiel,kleftwichf0@cdbaby.com,Male
469,Kinny,kchallenderd0@discuz.net,Male
335,Kipp,kkunneke9a@earthlink.net,Female
554,Kirbee,kfaderfd@toplist.cz,Female
421,Kirbie,kcoylebo@weibo.com,Female
255,Kissee,kvotier72@vimeo.com,Female
487,Kitti,kaltondi@shinystat.com,Female
480,Klarrisa,kspicerdb@intel.com,Female
508,Kliment,kauburye3@uiuc.edu,Male
635,Konrad,kveldehm@foxnews.com,Male
679,Koo,kbarrowcliffeiu@ning.com,Female
723,Koo,klilywhitek2@symantec.com,Female
547,Korie,kspatigf6@phoca.cz,Female
170,Korrie,kjolliff4p@webs.com,Female
166,Kort,kdawtre4l@sitemeter.com,Male
520,Kristoffer,ktwiningef@cornell.edu,Male
618,Kristoffer,kprovesth5@ftc.gov,Male
471,Krystle,ksimmgend2@cloudflare.com,Female
707,Kyla,kmccolljm@sina.com.cn,Female
890,Kyle,kfiddianop@blogs.com,Female
693,Kylie,kgulbergj8@alexa.com,Female
121,Lancelot,lsparway3c@alexa.com,Male
298,Lane,lsnodin89@surveymonkey.com,Male
182,Launce,lvedyashkin51@blogs.com,Male
135,Lauren,lrigbye3q@unicef.org,Male
915,Laurence,ljarmynpe@sohu.com,Male
913,Laurene,lvonoertzenpc@miibeian.gov.cn,Female
127,Lauritz,lchasemoore3i@accuweather.com,Male
995,Lavinie,lrattrierm@pen.io,Female
699,Lay,llouchje@homestead.com,Male
437,Layton,lohalleghanec4@cnn.com,Male
435,Lazaro,lcalterac2@sina.com.cn,Male
22,Leandra,lpiscopol@reddit.com,Female
809,Leanna,ldavenhillmg@businessinsider.com,Female
3,Leda,lchaney2@comcast.net,Female
357,Leeland,lcasotti9w@ovh.net,Male
65,Leighton,lportlock1s@illinois.edu,Male
96,Lemar,llembke2n@youtube.com,Male
805,Lemuel,lbuchanmc@europa.eu,Male
365,Lenette,lgrigoliisa4@loc.gov,Female
451,Leonardo,ltrickettci@bbc.co.uk,Male
887,Leonelle,lheningamom@elegantthemes.com,Female
108,Leonidas,lhollington2z@reddit.com,Male
791,Lethia,llattosly@furl.net,Female
445,Levey,lbienvenucc@trellian.com,Male
937,Lib,lcrombieq0@chron.com,Female
616,Lida,lcrumlyh3@yandex.ru,Female
964,Lilla,lkearyqr@oracle.com,Female
336,Lily,lneve9b@wired.com,Female
522,Lina,ltoyeh@admin.ch,Female
492,Linc,ldurnodn@ed.gov,Male
76,Lind,lmckeller23@apache.org,Male
728,Link,lbetancourtk7@networkadvertising.org,Male
866,Lisabeth,lkinmondo1@yellowpages.com,Female
917,Liz,lwaldenpg@epa.gov,Female
215,Llewellyn,lvalentinetti5y@lycos.com,Male
517,Llewellyn,lnorledgeec@github.com,Male
940,Lloyd,lmoraisq3@163.com,Male
979,Lolly,ldumbrellr6@adobe.com,Female
725,Lorie,lsemirask4@sfgate.com,Female
539,Lorin,lleppingtoney@ftc.gov,Male
488,Lorrie,lbrumptondj@github.com,Male
775,Lorry,lferneleyli@skype.com,Female
123,Lothario,lselvey3e@examiner.com,Male
333,Lotte,lkeoghan98@mediafire.com,Female
367,Lou,lairea6@squidoo.com,Female
363,Louis,lhaldena2@issuu.com,Male
94,Lowe,llebatteur2l@pcworld.com,Male
777,Lucas,lalveslk@patch.com,Male
822,Luce,lradagemt@meetup.com,Male
144,Lucienne,ljeffry3z@cloudflare.com,Female
79,Lucio,lrigate26@admin.ch,Male
393,Lucy,lgrigolashvillaw@indiatimes.com,Female
631,Ludovico,lfrancecionehi@ted.com,Male
300,Ludvig,ljosowitz8b@timesonline.co.uk,Male
310,Luis,lvales8l@plala.or.jp,Male
128,Lulu,lambrosi3j@eepurl.com,Female
407,Maddi,mbladonba@shutterfly.com,Female
147,Madel,mgerardet42@rakuten.co.jp,Female
642,Madison,mtredinnickht@xrea.com,Male
840,Magda,mdericotnb@privacy.gov.au,Female
993,Maggy,mmurtyrk@narod.ru,Female
821,Mair,mhaymanms@tripadvisor.com,Female
907,Malchy,mfoddenp6@seesaa.net,Male
208,Malena,mhaverson5r@nature.com,Female
330,Malinde,mkemsley95@webmd.com,Female
662,Mame,msmithemanid@theatlantic.com,Female
573,Mandel,mtrainfw@howstuffworks.com,Male
36,Marcelia,mleatonz@cnbc.com,Female
882,Marcelia,mgustickeoh@nature.com,Female
842,Marcille,mgrobnd@mit.edu,Female
107,Mareah,miacavone2y@slashdot.org,Female
667,Margarete,mweskerii@zdnet.com,Female
53,Margi,mespinheira1g@cocolog-nifty.com,Female
571,Mari,mbartoszekfu@tmall.com,Female
512,Mariam,mheartfielde7@cbslocal.com,Female
302,Marian,mexley8d@sohu.com,Female
98,Marianna,mtwiddle2p@webs.com,Female
921,Maribeth,mschaumannpk@mapquest.com,Female
551,Marice,mbartolfa@php.net,Female
532,Marigold,mdowninger@tumblr.com,Female
447,Marin,mhartnellce@fastcompany.com,Female
847,Marina,mbatterni@cloudflare.com,Female
661,Marleah,maujeanic@baidu.com,Female
408,Marlo,mbyforthbb@shop-pro.jp,Male
827,Marmaduke,mveyseymy@un.org,Male
464,Marrilee,mdebruincv@nps.gov,Female
859,Marrissa,mfernantnu@nytimes.com,Female
485,Marshall,mbillingsdg@hc360.com,Male
187,Mart,mgrayland56@google.co.uk,Male
262,Marti,mshottin79@creativecommons.org,Female
750,Martina,mswindellkt@cocolog-nifty.com,Female
891,Marvin,mcastaneroq@imgur.com,Male
226,Marwin,mpluvier69@symantec.com,Male
702,Marya,mshortenjh@patch.com,Female
254,Maryanne,mcoathup71@over-blog.com,Female
671,Marys,mmatessianim@bbc.co.uk,Female
557,Matthaeus,mcoatesfg@blog.com,Male
534,Matthew,msalvadoreet@cmu.edu,Male
323,Matthias,mblodget8y@state.gov,Male
638,Matthus,mveneshp@networksolutions.com,Male
93,Maurene,msousa2k@tripod.com,Female
816,Maurice,mbottonermn@businessinsider.com,Male
494,Maurise,madlingtondp@msn.com,Female
321,Mayne,mmealham8w@hao123.com,Male
570,Mead,mklimentft@hexun.com,Male
152,Meade,mboxhall47@wp.com,Female
316,Meir,mmehmet8r@woothemes.com,Male
153,Melba,mwheatcroft48@upenn.edu,Female
129,Melodee,mnorthidge3k@wired.com,Female
230,Melosa,mspargo6d@dyndns.org,Female
978,Merci,mculpinr5@google.com.hk,Female
394,Meredithe,mleteurtreax@webeden.co.uk,Female
829,Merilee,mredgraven0@unblog.fr,Female
328,Merill,mfishpond93@bloglines.com,Male
865,Merlina,mblinkhorno0@wp.com,Female
157,Merline,mknowlton4c@businessweek.com,Female
213,Merola,mbann5w@umich.edu,Female
845,Merrielle,myoungeng@360.cn,Female
443,Michele,mtudhopeca@nytimes.com,Male
714,Mickie,mstennettjt@acquirethisname.com,Male
80,Micky,mrapkins27@wikipedia.org,Male
279,Mignonne,mportriss7q@fc2.com,Female
91,Mikey,mprinn2i@webnode.com,Male
422,Mill,magettbp@marriott.com,Male
590,Milton,mburrellgd@livejournal.com,Male
151,Milty,mearry46@nba.com,Male
377,Miner,mshipag@bandcamp.com,Male
682,Minetta,mtintoix@state.gov,Female
261,Minetta,mkindleside78@odnoklassniki.ru,Female
72,Minnie,mdows1z@webnode.com,Female
117,Mirilla,mgiacoppoli38@answers.com,Female
122,Mitchell,mlydall3d@princeton.edu,Male
498,Morena,mfeyedt@unblog.fr,Female
799,Morgan,mhanscomm6@washingtonpost.com,Female
830,Morris,mkyddn1@amazon.co.jp,Male
270,Morton,mdickens7h@hp.com,Male
185,Munroe,mlatus54@howstuffworks.com,Male
961,Mycah,mweedsqo@flickr.com,Male
428,Nan,ncrothersbv@zdnet.com,Female
371,Nancee,ntomlinsaa@elegantthemes.com,Female
931,Nancy,ntiverspu@domainmarket.com,Female
619,Nanny,ncroxonh6@qq.com,Female
163,Natal,nmessier4i@apache.org,Male
272,Neddy,nkenset7j@oaic.gov.au,Male
897,Nefen,ntaileow@domainmarket.com,Male
695,Nell,nsedgmanja@yahoo.co.jp,Female
392,Nelli,nbromehedav@elpais.com,Female
989,Nels,nspadeckrg@baidu.com,Male
672,Netti,npahlssonin@posterous.com,Female
765,Netty,nrumminl8@arizona.edu,Female
653,Nicholas,nbedlingtoni4@un.org,Male
165,Nick,nmcilwraith4k@nhs.uk,Male
973,Nickie,nflieger0@exblog.jp,Male
558,Nicko,ngillowfh@cnn.com,Male
481,Nickolas,ndoberdc@joomla.org,Male
914,Nickolas,nroebuckpd@icio.us,Male
86,Nickolaus,ndoctor2d@house.gov,Male
183,Nickolaus,ngilderoy52@i2i.jp,Male
311,Nicky,nhotson8m@fc2.com,Female
751,Nico,nbroodku@cpanel.net,Male
169,Nicol,nburns4o@phpbb.com,Female
852,Nicolette,nvannnn@china.com.cn,Female
426,Nicoli,nangierbt@linkedin.com,Female
5,Nicolina,ntefft4@angelfire.com,Female
782,Nigel,neeleslp@github.com,Male
976,Nigel,nreader3@omniture.com,Male
361,Niko,nkullmanna0@ted.com,Male
536,Nikos,ndovermannev@bloglovin.com,Male
518,Ninetta,nteggined@census.gov,Female
831,Niven,nfludgaten2@wiley.com,Male
781,Niven,nwaitonlo@yellowpages.com,Male
115,Noah,nladyman36@google.fr,Male
997,Noak,nhemblingro@huffingtonpost.com,Male
206,Noble,nmuehler5p@admin.ch,Male
701,Noelani,nferrersjg@google.fr,Female
625,Nollie,nsidehc@cafepress.com,Male
894,Norean,nbrodheadot@twitpic.com,Female
69,Norean,npothergill1w@pbs.org,Female
763,Novelia,nsplavenl6@canalblog.com,Female
228,Obed,odaintith6b@apple.com,Male
204,Obidiah,oburress5n@ezinearticles.com,Male
774,Odelia,oklemtlh@google.pl,Female
745,Odette,ooattesko@myspace.com,Female
48,Odey,opietrasik1b@hugedomains.com,Male
458,Odie,obeddoescp@joomla.org,Male
850,Odille,odalessandronl@spotify.com,Female
902,Ofelia,okenerp1@yellowpages.com,Female
234,Ofelia,ocalendar6h@canalblog.com,Female
674,Olive,ogianulliip@alexa.com,Female
360,Olivette,odines9z@odnoklassniki.ru,Female
585,Olivie,ocabellg8@myspace.com,Female
241,Omar,oselvester6o@taobao.com,Male
349,Onfroi,otroker9o@uol.com.br,Male
587,Oralle,opagelsenga@dion.ne.jp,Female
623,Orella,ocockerillha@arizona.edu,Female
886,Orion,ocaileol@reverbnation.com,Male
373,Orly,oyarnellac@imdb.com,Female
550,Orv,ojarayf9@weibo.com,Male
630,Paddie,pmatehh@skype.com,Male
354,Padgett,pmudie9t@gravatar.com,Male
624,Paloma,psivewrighthb@friendfeed.com,Female
60,Paloma,pofallowne1n@yellowpages.com,Female
772,Parker,paddymanlf@walmart.com,Male
572,Parrnell,pmasseofv@home.pl,Male
193,Pat,pbelz5c@ca.gov,Male
636,Pattie,pballisterhn@bigcartel.com,Female
139,Paulita,pmark3u@1und1.de,Female
800,Paulita,pianettim7@wordpress.org,Female
232,Pedro,pdetoc6f@php.net,Male
77,Pen,ptregido24@google.com,Female
292,Penelope,palabastar83@ovh.net,Female
384,Perla,pspratlingan@smh.com.au,Female
191,Pernell,pmilch5a@infoseek.co.jp,Male
441,Persis,psagec8@sohu.com,Female
685,Philbert,pgianneschij0@bigcartel.com,Male
347,Phyllys,peagers9m@networkadvertising.org,Female
731,Pierce,pmaidstoneka@hud.gov,Male
475,Pip,ppollakd6@barnesandnoble.com,Male
633,Prentiss,plongsonhk@yale.edu,Male
85,Putnam,pnottram2c@go.com,Male
877,Queenie,qcoucheoc@unicef.org,Female
297,Quill,qwakenshaw88@baidu.com,Male
546,Quillan,qkemmetf5@gov.uk,Male
467,Quinn,qsimoneaucy@homestead.com,Female
608,Quintina,qmilwardgv@ca.gov,Female
580,Rachelle,rtilbrookg3@berkeley.edu,Female
207,Ransom,rgadsby5q@usda.gov,Male
308,Raviv,rphillip8j@t.co,Male
980,Raymund,rshillsr7@ebay.co.uk,Male
136,Rebbecca,rofogerty3r@meetup.com,Female
214,Rebe,rpenton5x@marketwatch.com,Female
32,Rebecka,rcarlyonv@apple.com,Female
88,Reece,roke2f@cocolog-nifty.com,Male
239,Reena,rmarin6m@upenn.edu,Female
345,Reeta,rkiljan9k@ucla.edu,Female
892,Regina,rharsnipeor@etsy.com,Female
227,Reinhold,rwoodroffe6a@sina.com.cn,Male
385,Reinhold,rgoodersao@cargocollective.com,Male
11,Reinold,rfladea@acquirethisname.com,Male
348,Renaud,rmacnockater9n@weebly.com,Male
415,Rennie,rshireffbi@unesco.org,Female
792,Rheta,rdubblelz@rediff.com,Female
247,Rick,rpeye6u@zdnet.com,Male
780,Robenia,rclellln@booking.com,Female
376,Robinson,rdurandaf@netvibes.com,Male
684,Rochelle,rkemsteriz@istockphoto.com,Female
463,Rockie,rwhoolehancu@theglobeandmail.com,Male
564,Rodd,rromeifn@discovery.com,Male
513,Roddy,rjoanice8@patch.com,Male
74,Rodge,rgigg21@ca.gov,Male
718,Rodge,ryabsleyjx@xing.com,Male
577,Rodolfo,rsmeetong0@canalblog.com,Male
796,Roldan,rmacbeym3@loc.gov,Male
155,Rollo,rgueste4a@oracle.com,Male
861,Roman,rscarboroughnw@pcworld.com,Male
691,Rory,rgoodspeedj6@dion.ne.jp,Female
795,Rosabel,rsowreym2@google.es,Female
950,Rosco,rvigerqd@webnode.com,Male
14,Rosella,rreolfod@usatoday.com,Female
753,Rosemarie,rkemittkw@google.ca,Female
450,Ross,rlarkkemch@free.fr,Male
459,Roy,rridoutcq@unicef.org,Male
132,Roy,rbrooksbank3n@ucla.edu,Male
862,Rudolf,rbroadnickenx@bandcamp.com,Male
868,Rudy,rcatfordo3@woothemes.com,Male
596,Rustin,rprogergj@sciencedirect.com,Male
339,Ruthanne,rmorrish9e@theatlantic.com,Female
12,Ryon,rtrenouthb@drupal.org,Male
379,Sadye,spipworthai@senate.gov,Female
356,Samantha,stickel9v@lycos.com,Female
327,Sarene,scathersides92@tripadvisor.com,Female
755,Sascha,sprinceky@dmoz.org,Female
240,Sauncho,sbillington6n@vinaora.com,Male
290,Saunders,selwin81@homestead.com,Male
30,Saundra,scolumbellt@cbsnews.com,Male
943,Sauveur,sdreamerq6@i2i.jp,Male
798,Savina,showsanm5@who.int,Female
584,Scarlett,sbarltropg7@reverbnation.com,Female
119,Seamus,spena3a@bbb.org,Male
1000,Serene,slivensrr@bravesites.com,Female
626,Serene,sbeneshd@123-reg.co.uk,Female
965,Serge,swormsqs@g.co,Male
747,Shalne,sstampkq@usatoday.com,Female
52,Shanta,strahar1f@ca.gov,Female
21,Shauna,swebbenk@census.gov,Female
381,Shawn,sdacostaak@hostgator.com,Male
41,Shawnee,sfeige14@cbslocal.com,Female
217,Shea,sfilipowicz60@webs.com,Male
331,Sheelagh,shawse96@technorati.com,Female
734,Shelagh,sporterkd@utexas.edu,Female
815,Shelby,shanburymm@dagondesign.com,Female
698,Shina,swintersonjd@dot.gov,Female
478,Shoshana,sblandd9@state.tx.us,Female
37,Shurwood,slockwood10@prweb.com,Male
353,Sibby,shardwidge9s@about.me,Female
13,Silvester,skitchenc@purevolume.com,Male
849,Sisely,sgianuzzink@cafepress.com,Female
337,Siward,skeener9c@freewebs.com,Male
935,Sofie,smackonochiepy@tumblr.com,Female
704,Sofie,sboggishjj@google.nl,Female
817,Sonny,strulockmo@china.com.cn,Male
400,Sophronia,sturmelb3@usgs.gov,Female
280,Stearne,somullen7r@cloudflare.com,Male
499,Stepha,ssilvermandu@paginegialle.it,Female
444,Stephen,scarlawcb@thetimes.co.uk,Male
266,Stern,sshutler7d@last.fm,Male
640,Stillmann,sbentehr@desdev.cn,Male
998,Suzann,seastrp@squidoo.com,Female
601,Suzette,sheerango@technorati.com,Female
359,Sydel,stomkin9y@prlog.org,Female
721,Sylvan,swhitwhamk0@google.it,Male
933,Tabbie,tskethpw@senate.gov,Female
686,Tabina,thaswellj1@timesonline.co.uk,Female
700,Tailor,tlepoidevinjf@nifty.com,Male
783,Taite,tlowaterlq@illinois.edu,Male
746,Tallou,thuddkp@webmd.com,Female
737,Tallulah,tcruickshankkg@comsenz.com,Female
382,Tamarah,tsrawleyal@ftc.gov,Female
120,Tammy,tbernardino3b@jugem.jp,Male
895,Tamra,tspeariettou@cargocollective.com,Female
476,Tan,tcheltnamd7@eventbrite.com,Male
341,Ted,tshoute9g@google.ca,Male
68,Ted,tdodshun1v@whitehouse.gov,Female
457,Tedd,ttomanco@instagram.com,Male
56,Tedman,tsustins1j@imageshack.us,Male
264,Templeton,tdigg7b@istockphoto.com,Male
284,Teodorico,tivers7v@wunderground.com,Male
47,Terri-jo,tmoorhead1a@yahoo.com,Female
455,Thane,tgulliscm@ebay.com,Male
726,Thatch,tcattok5@gravatar.com,Male
133,Thomasine,tmorfey3o@cdbaby.com,Female
885,Thorndike,tsustinok@paypal.com,Male
114,Thorstein,tworld35@delicious.com,Male
346,Tildie,tnecolds9l@cnbc.com,Female
733,Timi,tshawleykc@51.la,Female
496,Timmy,thammattdr@google.ca,Female
963,Timotheus,tstapfordqq@house.gov,Male
818,Tine,tcraythornmp@gmpg.org,Female
439,Tiphanie,tsinsonc6@cdbaby.com,Female
20,Tiphany,tmctrustyj@fc2.com,Female
386,Tito,tbenteap@bbb.org,Male
819,Tobias,tvelamq@earthlink.net,Male
675,Tomaso,tcolquittiq@zimbio.com,Male
588,Tome,tstanlackgb@xing.com,Male
406,Torry,tamisb9@craigslist.org,Male
278,Travus,tbartos7p@addthis.com,Male
111,Trenton,tboog32@bravesites.com,Male
71,Trever,tbeswick1y@home.pl,Male
614,Tybalt,tferencowiczh1@addthis.com,Male
770,Tye,targontld@gravatar.com,Male
911,Ulrica,ulotheanpa@webeden.co.uk,Female
991,Umberto,usawfootri@linkedin.com,Male
505,Urbain,ucockerhame0@sohu.com,Male
283,Uri,ugiacopini7u@4shared.com,Male
655,Vail,vbrickdalei6@intel.com,Male
743,Vale,vkieltkm@jalbum.net,Male
839,Valene,vgraceyna@independent.co.uk,Female
63,Vally,vcubbin1q@java.com,Female
971,Vasily,vbarlieqy@forbes.com,Male
760,Veda,vdumphyl3@reference.com,Female
944,Verina,vscawtonq7@fema.gov,Female
666,Vernor,vneumannih@feedburner.com,Male
906,Vida,vspurrittp5@paypal.com,Female
981,Vincenz,vjeevesr8@unesco.org,Male
39,Vinny,vlasty12@posterous.com,Female
315,Violante,vcampelli8q@mediafire.com,Female
825,Viviene,vleyesmw@stanford.edu,Female
722,Vladimir,vcoryndonk1@tamu.edu,Male
64,Wade,wcarneck1r@statcounter.com,Male
212,Wallace,wcosbey5v@canalblog.com,Male
305,Wallace,wdominique8g@homestead.com,Male
525,Walliw,wedserek@sitemeter.com,Female
203,Wang,wormistone5m@amazon.de,Male
17,Way,wragdaleg@gizmodo.com,Male
936,Way,wflorentinepz@guardian.co.uk,Male
712,Webb,wblankojr@wikimedia.org,Male
663,Webb,wwildberie@tumblr.com,Male
609,Welch,wscrinagegw@dagondesign.com,Male
149,Welch,wbosnell44@hud.gov,Male
814,Wernher,wmcsporrinml@about.com,Male
62,Wesley,wharley1p@telegraph.co.uk,Male
281,Whitaker,wostrich7s@fotki.com,Male
442,Wilbert,wslimonc9@yellowpages.com,Male
857,Wilfrid,wgiacomonins@whitehouse.gov,Male
137,Wilie,wdomleo3s@house.gov,Female
205,Willa,wblaby5o@aboutads.info,Female
983,Willette,wbourtoumieuxra@hatena.ne.jp,Female
277,Willi,welcott7o@umich.edu,Female
82,Wilt,wmallon29@goo.gl,Male
250,Win,wkerwen6x@squidoo.com,Male
312,Windy,wdillingstone8n@oaic.gov.au,Female
1,Wini,wentwisle0@surveymonkey.com,Female
555,Winnifred,wdykafe@unesco.org,Female
236,Wolfgang,wgreber6j@tinypic.com,Male
697,Wolfie,wfareweatherjc@surveymonkey.com,Male
427,Worden,wsimantsbu@slideshare.net,Male
491,Xaviera,xwinscombdm@prnewswire.com,Female
216,Xenos,xbrightman5z@live.com,Male
986,Xever,xtitchenrd@weather.com,Male
954,Yard,yhardingeqh@taobao.com,Male
299,Yardley,ystitson8a@vistaprint.com,Male
173,Ynez,ycheeney4s@gravatar.com,Female
741,Yorker,yraysdalekk@omniture.com,Male
958,Zacharia,zmilleql@washington.edu,Male
544,Zachary,zdionisif3@freewebs.com,Male
690,Zack,zgeggusj5@tinypic.com,Male
620,Zaria,zkhadirh7@ft.com,Female
990,Zebadiah,zhanselrh@delicious.com,Male
168,Zola,zgebbe4n@disqus.com,Female
932,Zora,zkatzmannpv@scientificamerican.com,Female
366,Zorina,zlearmontha5@google.ca,Female
461,Zorina,zknightleycs@fda.gov,Female
873,Zorina,zyantsurevo8@geocities.com,Female
