id,first_name,email,gender 
1,Wini,wentwisle0@surveymonkey.com,Female
2,Frannie,fjecock1@imgur.com,Female
3,Leda,lchaney2@comcast.net,Female
4,Danyelle,dmatyja3@blog.com,Female
5,Nicolina,ntefft4@angelfire.com,Female
6,Efren,ewhayman5@addtoany.com,Male
7,Devy,dprodrick6@latimes.com,Male
8,Brock,bbakeup7@creativecommons.org,Male
9,Caz,cjasik8@virginia.edu,Male
10,Gwynne,gmapston9@topsy.com,Female
11,Reinold,rfladea@acquirethisname.com,Male
12,Ryon,rtrenouthb@drupal.org,Male
13,Silvester,skitchenc@purevolume.com,Male
14,Rosella,rreolfod@usatoday.com,Female
15,Carleen,cstanmoree@comcast.net,Female
16,Erwin,emarchingtonf@dmoz.org,Male
17,Way,wragdaleg@gizmodo.com,Male
18,Gustaf,gjoyceh@tripod.com,Male
19,Kalina,kblenkironi@spiegel.de,Female
20,Tiphany,tmctrustyj@fc2.com,Female
21,Shauna,swebbenk@census.gov,Female
22,Leandra,lpiscopol@reddit.com,Female
23,Constance,ccarwardinem@google.de,Female
24,Gusta,glawfulln@deviantart.com,Female
25,Deirdre,dconboyo@webs.com,Female
26,Andie,avazquezp@economist.com,Male
27,Gunner,gmacdirmidq@yellowpages.com,Male
28,Gaven,gpiggottr@sogou.com,Male
29,Annamaria,adigginss@hubpages.com,Female
30,Saundra,scolumbellt@cbsnews.com,Male
31,Aggie,amcallenu@forbes.com,Female
32,Rebecka,rcarlyonv@apple.com,Female
33,Catie,cmoynhamw@friendfeed.com,Female
34,Blake,btraskx@berkeley.edu,Male
35,Christoper,cbeekmanny@mayoclinic.com,Male
36,Marcelia,mleatonz@cnbc.com,Female
37,Shurwood,slockwood10@prweb.com,Male
38,Fiann,falvis11@europa.eu,Female
39,Vinny,vlasty12@posterous.com,Female
40,Farrel,fyannikov13@omniture.com,Male
41,Shawnee,sfeige14@cbslocal.com,Female
42,Eadmund,echinnery15@discuz.net,Male
43,Devi,dcrocumbe16@archive.org,Female
44,Joaquin,jcharlo17@forbes.com,Male
45,Casper,cgowling18@yahoo.com,Male
46,Cassandry,cbatchelder19@dyndns.org,Female
47,Terri-jo,tmoorhead1a@yahoo.com,Female
48,Odey,opietrasik1b@hugedomains.com,Male
49,Kaia,krioch1c@marriott.com,Female
50,Brynna,bpantin1d@yellowpages.com,Female
51,Giselbert,gkehri1e@nytimes.com,Male
52,Shanta,strahar1f@ca.gov,Female
53,Margi,mespinheira1g@cocolog-nifty.com,Female
54,Darrel,dfrankum1h@sciencedaily.com,Male
55,Ealasaid,edeblase1i@woothemes.com,Female
56,Tedman,tsustins1j@imageshack.us,Male
57,Darsey,dfallis1k@freewebs.com,Female
58,Babbie,bmcgarel1l@over-blog.com,Female
59,Caryn,cportsmouth1m@infoseek.co.jp,Female
60,Paloma,pofallowne1n@yellowpages.com,Female
61,Benny,bgorring1o@addtoany.com,Female
62,Wesley,wharley1p@telegraph.co.uk,Male
63,Vally,vcubbin1q@java.com,Female
64,Wade,wcarneck1r@statcounter.com,Male
65,Leighton,lportlock1s@illinois.edu,Male
66,Farica,fspada1t@netscape.com,Female
67,Concordia,cgoodwyn1u@quantcast.com,Female
68,Ted,tdodshun1v@whitehouse.gov,Female
69,Norean,npothergill1w@pbs.org,Female
70,Annaliese,agutowski1x@freewebs.com,Female
71,Trever,tbeswick1y@home.pl,Male
72,Minnie,mdows1z@webnode.com,Female
73,Allix,adebenedetti20@dagondesign.com,Female
74,Rodge,rgigg21@ca.gov,Male
75,Anjanette,afitzgeorge22@ezinearticles.com,Female
76,Lind,lmckeller23@apache.org,Male
77,Pen,ptregido24@google.com,Female
78,Christoforo,cdeinhard25@princeton.edu,Male
79,Lucio,lrigate26@admin.ch,Male
80,Micky,mrapkins27@wikipedia.org,Male
81,Ardella,ahickeringill28@nba.com,Female
82,Wilt,wmallon29@goo.gl,Male
83,Farica,fsprake2a@lycos.com,Female
84,Aaron,achurchill2b@umich.edu,Male
85,Putnam,pnottram2c@go.com,Male
86,Nickolaus,ndoctor2d@house.gov,Male
87,Abdul,apannaman2e@squidoo.com,Male
88,Reece,roke2f@cocolog-nifty.com,Male
89,Bearnard,bbachelor2g@taobao.com,Male
90,Brendis,bmcgill2h@mayoclinic.com,Male
91,Mikey,mprinn2i@webnode.com,Male
92,Jordon,jbroseke2j@alexa.com,Male
93,Maurene,msousa2k@tripod.com,Female
94,Lowe,llebatteur2l@pcworld.com,Male
95,Janis,jtyers2m@51.la,Female
96,Lemar,llembke2n@youtube.com,Male
97,Gregor,gfeaster2o@cpanel.net,Male
98,Marianna,mtwiddle2p@webs.com,Female
99,Kaylil,ksegot2q@liveinternet.ru,Female
100,Heddi,hberston2r@themeforest.net,Female
101,Cortney,cbernli2s@rakuten.co.jp,Female
102,Gussie,ggasnoll2t@oaic.gov.au,Female
103,Chaddie,cgerckens2u@qq.com,Male
104,Barton,blockier2v@usnews.com,Male
105,Danella,dpettman2w@umn.edu,Female
106,Bethena,bmcilmurray2x@example.com,Female
107,Mareah,miacavone2y@slashdot.org,Female
108,Leonidas,lhollington2z@reddit.com,Male
109,Delinda,deaslea30@elegantthemes.com,Female
110,Abbe,aperacco31@npr.org,Female
111,Trenton,tboog32@bravesites.com,Male
112,Britt,bnorthill33@telegraph.co.uk,Female
113,Brennan,bpashen34@odnoklassniki.ru,Male
114,Thorstein,tworld35@delicious.com,Male
115,Noah,nladyman36@google.fr,Male
116,Cobbie,corange37@usa.gov,Male
117,Mirilla,mgiacoppoli38@answers.com,Female
118,Alyson,akrimmer39@wordpress.com,Female
119,Seamus,spena3a@bbb.org,Male
120,Tammy,tbernardino3b@jugem.jp,Male
121,Lancelot,lsparway3c@alexa.com,Male
122,Mitchell,mlydall3d@princeton.edu,Male
123,Lothario,lselvey3e@examiner.com,Male
124,Karisa,kragsdale3f@cocolog-nifty.com,Female
125,Georges,geslemont3g@slideshare.net,Male
126,Angelle,abolton3h@about.com,Female
127,Lauritz,lchasemoore3i@accuweather.com,Male
128,Lulu,lambrosi3j@eepurl.com,Female
129,Melodee,mnorthidge3k@wired.com,Female
130,Anthia,abarszczewski3l@scribd.com,Female
131,Ailee,aianiello3m@businesswire.com,Female
132,Roy,rbrooksbank3n@ucla.edu,Male
133,Thomasine,tmorfey3o@cdbaby.com,Female
134,Adore,awetherburn3p@clickbank.net,Female
135,Lauren,lrigbye3q@unicef.org,Male
136,Rebbecca,rofogerty3r@meetup.com,Female
137,Wilie,wdomleo3s@house.gov,Female
138,Grantham,gheinschke3t@gmpg.org,Male
139,Paulita,pmark3u@1und1.de,Female
140,Garek,gtysall3v@nhs.uk,Male
141,Carlo,cdumbrill3w@hp.com,Male
142,Ive,ishearer3x@upenn.edu,Male
143,Janek,jgalliard3y@gnu.org,Male
144,Lucienne,ljeffry3z@cloudflare.com,Female
145,Kara,khanhart40@smh.com.au,Female
146,Alecia,aeade41@topsy.com,Female
147,Madel,mgerardet42@rakuten.co.jp,Female
148,Fina,fhourstan43@upenn.edu,Female
149,Welch,wbosnell44@hud.gov,Male
150,Corbett,cgaffer45@nasa.gov,Male
151,Milty,mearry46@nba.com,Male
152,Meade,mboxhall47@wp.com,Female
153,Melba,mwheatcroft48@upenn.edu,Female
154,Freddie,fsummerrell49@ebay.com,Male
155,Rollo,rgueste4a@oracle.com,Male
156,Daryn,dbackshall4b@tmall.com,Female
157,Merline,mknowlton4c@businessweek.com,Female
158,Goldarina,gagdahl4d@google.ca,Female
159,Jess,jtrout4e@bloglovin.com,Female
160,Fawnia,fpala4f@jimdo.com,Female
161,Hestia,hmaccauley4g@xing.com,Female
162,Blondelle,bguillerman4h@biblegateway.com,Female
163,Natal,nmessier4i@apache.org,Male
164,Faith,fhouson4j@utexas.edu,Female
165,Nick,nmcilwraith4k@nhs.uk,Male
166,Kort,kdawtre4l@sitemeter.com,Male
167,Demetre,dfraschetti4m@dmoz.org,Male
168,Zola,zgebbe4n@disqus.com,Female
169,Nicol,nburns4o@phpbb.com,Female
170,Korrie,kjolliff4p@webs.com,Female
171,Elbertina,efelip4q@webnode.com,Female
172,Emily,ekersaw4r@about.com,Female
173,Ynez,ycheeney4s@gravatar.com,Female
174,Holly,hduffrie4t@java.com,Female
175,Jarrad,jsweed4u@phoca.cz,Male
176,Charity,cruddom4v@umich.edu,Female
177,Creighton,cgagen4w@infoseek.co.jp,Male
178,Carine,cleif4x@eepurl.com,Female
179,Fania,ftoping4y@google.fr,Female
180,Judd,jshrimpton4z@themeforest.net,Male
181,Gasper,gverney50@usnews.com,Male
182,Launce,lvedyashkin51@blogs.com,Male
183,Nickolaus,ngilderoy52@i2i.jp,Male
184,Ira,iwarbys53@hao123.com,Female
185,Munroe,mlatus54@howstuffworks.com,Male
186,Dilan,dshadrack55@shinystat.com,Male
187,Mart,mgrayland56@google.co.uk,Male
188,Consuelo,cdehailes57@freewebs.com,Female
189,Jade,jmaruska58@europa.eu,Female
190,Kari,kbrecher59@fc2.com,Female
191,Pernell,pmilch5a@infoseek.co.jp,Male
192,Jody,jlinford5b@indiatimes.com,Male
193,Pat,pbelz5c@ca.gov,Male
194,Kath,kperl5d@diigo.com,Female
195,Humfried,harlott5e@amazon.de,Male
196,Corrie,cstooders5f@jugem.jp,Male
197,Aurora,apease5g@hc360.com,Female
198,Cullan,cdroghan5h@china.com.cn,Male
199,Ham,hattwoul5i@feedburner.com,Male
200,Hulda,harmatidge5j@oracle.com,Female
201,Beverlie,barmatys5k@weibo.com,Female
202,Dacey,dgillet5l@boston.com,Female
203,Wang,wormistone5m@amazon.de,Male
204,Obidiah,oburress5n@ezinearticles.com,Male
205,Willa,wblaby5o@aboutads.info,Female
206,Noble,nmuehler5p@admin.ch,Male
207,Ransom,rgadsby5q@usda.gov,Male
208,Malena,mhaverson5r@nature.com,Female
209,Deloria,ddickin5s@php.net,Female
210,Eugen,ewennam5t@smh.com.au,Male
211,Alaric,abuscher5u@spotify.com,Male
212,Wallace,wcosbey5v@canalblog.com,Male
213,Merola,mbann5w@umich.edu,Female
214,Rebe,rpenton5x@marketwatch.com,Female
215,Llewellyn,lvalentinetti5y@lycos.com,Male
216,Xenos,xbrightman5z@live.com,Male
217,Shea,sfilipowicz60@webs.com,Male
218,Con,creasce61@cisco.com,Female
219,Abby,acoaker62@bing.com,Male
220,Delcine,ddebiasi63@admin.ch,Female
221,Aksel,aanelay64@house.gov,Male
222,Ellwood,etesyro65@unblog.fr,Male
223,Deana,dhollows66@twitter.com,Female
224,Filberte,fwerrett67@disqus.com,Male
225,Burt,bfluck68@multiply.com,Male
226,Marwin,mpluvier69@symantec.com,Male
227,Reinhold,rwoodroffe6a@sina.com.cn,Male
228,Obed,odaintith6b@apple.com,Male
229,Kamillah,kswindon6c@sciencedirect.com,Female
230,Melosa,mspargo6d@dyndns.org,Female
231,Kelwin,kespina6e@weebly.com,Male
232,Pedro,pdetoc6f@php.net,Male
233,Alasteir,arehme6g@goodreads.com,Male
234,Ofelia,ocalendar6h@canalblog.com,Female
235,Gregoire,ggascoine6i@noaa.gov,Male
236,Wolfgang,wgreber6j@tinypic.com,Male
237,Hermione,hfawson6k@oaic.gov.au,Female
238,Julian,jjoiris6l@i2i.jp,Male
239,Reena,rmarin6m@upenn.edu,Female
240,Sauncho,sbillington6n@vinaora.com,Male
241,Omar,oselvester6o@taobao.com,Male
242,Cristobal,cdobrowolski6p@cbslocal.com,Male
243,Eulalie,evampouille6q@seattletimes.com,Female
244,Eden,epetrolli6r@linkedin.com,Female
245,Gregoire,glestrange6s@reddit.com,Male
246,Helen-elizabeth,hyeardley6t@clickbank.net,Female
247,Rick,rpeye6u@zdnet.com,Male
248,Claudie,cbollon6v@youku.com,Female
249,Bianka,bitzkov6w@hugedomains.com,Female
250,Win,wkerwen6x@squidoo.com,Male
251,Gwendolyn,gsaing6y@drupal.org,Female
252,Jonie,jcomellini6z@simplemachines.org,Female
253,Erskine,ewillarton70@epa.gov,Male
254,Maryanne,mcoathup71@over-blog.com,Female
255,Kissee,kvotier72@vimeo.com,Female
256,Fleming,fjakubowicz73@marketwatch.com,Male
257,Finn,fneely74@disqus.com,Male
258,Devy,dpenella75@indiatimes.com,Male
259,Christyna,csaby76@wikimedia.org,Female
260,Karel,kblesdill77@freewebs.com,Male
261,Minetta,mkindleside78@odnoklassniki.ru,Female
262,Marti,mshottin79@creativecommons.org,Female
263,Fairlie,fkincey7a@oakley.com,Male
264,Templeton,tdigg7b@istockphoto.com,Male
265,Aron,aseel7c@army.mil,Male
266,Stern,sshutler7d@last.fm,Male
267,Gerladina,gdimitrie7e@jalbum.net,Female
268,Charisse,ccrocket7f@symantec.com,Female
269,Cookie,cmosby7g@furl.net,Female
270,Morton,mdickens7h@hp.com,Male
271,Dud,dpash7i@taobao.com,Male
272,Neddy,nkenset7j@oaic.gov.au,Male
273,Appolonia,aneiland7k@google.it,Female
274,Chelsey,calgeo7l@fema.gov,Female
275,Hollie,hphilpault7m@printfriendly.com,Female
276,Blondie,bkilduff7n@unesco.org,Female
277,Willi,welcott7o@umich.edu,Female
278,Travus,tbartos7p@addthis.com,Male
279,Mignonne,mportriss7q@fc2.com,Female
280,Stearne,somullen7r@cloudflare.com,Male
281,Whitaker,wostrich7s@fotki.com,Male
282,Eric,eslott7t@google.nl,Male
283,Uri,ugiacopini7u@4shared.com,Male
284,Teodorico,tivers7v@wunderground.com,Male
285,Davide,dwicks7w@nytimes.com,Male
286,Galvan,gmaddocks7x@google.com.hk,Male
287,Anabal,amacenzy7y@unesco.org,Female
288,Elsy,emackee7z@livejournal.com,Female
289,Bili,bdonovin80@dmoz.org,Female
290,Saunders,selwin81@homestead.com,Male
291,Deerdre,ddigger82@netlog.com,Female
292,Penelope,palabastar83@ovh.net,Female
293,Alvin,abigland84@odnoklassniki.ru,Male
294,Carline,cbann85@dmoz.org,Female
295,Dell,ddrane86@blogspot.com,Female
296,Eb,eparradye87@reddit.com,Male
297,Quill,qwakenshaw88@baidu.com,Male
298,Lane,lsnodin89@surveymonkey.com,Male
299,Yardley,ystitson8a@vistaprint.com,Male
300,Ludvig,ljosowitz8b@timesonline.co.uk,Male
301,Doti,dganny8c@homestead.com,Female
302,Marian,mexley8d@sohu.com,Female
303,Gannie,gstuer8e@opera.com,Male
304,Joana,jjamblin8f@ox.ac.uk,Female
305,Wallace,wdominique8g@homestead.com,Male
306,Chadwick,claverock8h@seattletimes.com,Male
307,Hayyim,huwins8i@linkedin.com,Male
308,Raviv,rphillip8j@t.co,Male
309,Annabell,abiggerdike8k@xing.com,Female
310,Luis,lvales8l@plala.or.jp,Male
311,Nicky,nhotson8m@fc2.com,Female
312,Windy,wdillingstone8n@oaic.gov.au,Female
313,Hyacinth,hunwins8o@tripadvisor.com,Female
314,Joey,jwombwell8p@washingtonpost.com,Female
315,Violante,vcampelli8q@mediafire.com,Female
316,Meir,mmehmet8r@woothemes.com,Male
317,Job,jgetcliffe8s@nba.com,Male
318,Chen,cstedmond8t@columbia.edu,Male
319,Jada,jscullard8u@springer.com,Female
320,Fitzgerald,fgaukroger8v@paginegialle.it,Male
321,Mayne,mmealham8w@hao123.com,Male
322,Jere,jwhiffen8x@baidu.com,Female
323,Matthias,mblodget8y@state.gov,Male
324,Daile,dharsnep8z@goodreads.com,Female
325,Bendix,bwogdon90@virginia.edu,Male
326,Chance,cfilippo91@com.com,Male
327,Sarene,scathersides92@tripadvisor.com,Female
328,Merill,mfishpond93@bloglines.com,Male
329,Adina,astubbe94@simplemachines.org,Female
330,Malinde,mkemsley95@webmd.com,Female
331,Sheelagh,shawse96@technorati.com,Female
332,Hayyim,hhubberstey97@dropbox.com,Male
333,Lotte,lkeoghan98@mediafire.com,Female
334,Justina,jpietron99@xrea.com,Female
335,Kipp,kkunneke9a@earthlink.net,Female
336,Lily,lneve9b@wired.com,Female
337,Siward,skeener9c@freewebs.com,Male
338,Emlynn,egowman9d@nyu.edu,Female
339,Ruthanne,rmorrish9e@theatlantic.com,Female
340,Eudora,etilberry9f@dell.com,Female
341,Ted,tshoute9g@google.ca,Male
342,Beatrice,bholah9h@yolasite.com,Female
343,Calli,cgley9i@stanford.edu,Female
344,Bernete,bpessolt9j@youtu.be,Female
345,Reeta,rkiljan9k@ucla.edu,Female
346,Tildie,tnecolds9l@cnbc.com,Female
347,Phyllys,peagers9m@networkadvertising.org,Female
348,Renaud,rmacnockater9n@weebly.com,Male
349,Onfroi,otroker9o@uol.com.br,Male
350,Austen,abeese9p@simplemachines.org,Male
351,Johnnie,jderoberto9q@blogs.com,Male
352,Augustine,atreadwell9r@home.pl,Male
353,Sibby,shardwidge9s@about.me,Female
354,Padgett,pmudie9t@gravatar.com,Male
355,Gibby,gmarquand9u@microsoft.com,Male
356,Samantha,stickel9v@lycos.com,Female
357,Leeland,lcasotti9w@ovh.net,Male
358,Eli,erichmond9x@nih.gov,Male
359,Sydel,stomkin9y@prlog.org,Female
360,Olivette,odines9z@odnoklassniki.ru,Female
361,Niko,nkullmanna0@ted.com,Male
362,Hugues,hodesona1@purevolume.com,Male
363,Louis,lhaldena2@issuu.com,Male
364,Fredric,fgartina3@weibo.com,Male
365,Lenette,lgrigoliisa4@loc.gov,Female
366,Zorina,zlearmontha5@google.ca,Female
367,Lou,lairea6@squidoo.com,Female
368,Justen,jconiberea7@mozilla.com,Male
369,Kellina,kdracoa8@google.pl,Female
370,Jazmin,jpeaplea9@wikimedia.org,Female
371,Nancee,ntomlinsaa@elegantthemes.com,Female
372,Cassie,cohanveyab@elegantthemes.com,Male
373,Orly,oyarnellac@imdb.com,Female
374,Aubrie,akleinfeldad@newsvine.com,Female
375,Arvie,amackeanae@businessweek.com,Male
376,Robinson,rdurandaf@netvibes.com,Male
377,Miner,mshipag@bandcamp.com,Male
378,Britt,bfernieah@example.com,Male
379,Sadye,spipworthai@senate.gov,Female
380,Jon,jkilbanaj@columbia.edu,Male
381,Shawn,sdacostaak@hostgator.com,Male
382,Tamarah,tsrawleyal@ftc.gov,Female
383,Jacquenetta,jtolomeiam@scientificamerican.com,Female
384,Perla,pspratlingan@smh.com.au,Female
385,Reinhold,rgoodersao@cargocollective.com,Male
386,Tito,tbenteap@bbb.org,Male
387,Jilly,jyakunkinaq@auda.org.au,Female
388,Briggs,bbeagleyar@yale.edu,Male
389,Camel,cbimsas@php.net,Female
390,Dolores,dtraylenat@slate.com,Female
391,Jehanna,jhecknerau@bloomberg.com,Female
392,Nelli,nbromehedav@elpais.com,Female
393,Lucy,lgrigolashvillaw@indiatimes.com,Female
394,Meredithe,mleteurtreax@webeden.co.uk,Female
395,Alexandra,adurransay@wix.com,Female
396,Joellen,jcranchaz@t.co,Female
397,Blancha,bisakovitchb0@marriott.com,Female
398,Jodie,jsagersonb1@parallels.com,Male
399,Alanson,adullaghanb2@pbs.org,Male
400,Sophronia,sturmelb3@usgs.gov,Female
401,Justine,jpikeb4@t-online.de,Female
402,Dillon,dmeliab5@furl.net,Male
403,Caroljean,cgreatrakesb6@dailymail.co.uk,Female
404,Jemmie,jtregoningb7@home.pl,Female
405,Abner,abottrillb8@t.co,Male
406,Torry,tamisb9@craigslist.org,Male
407,Maddi,mbladonba@shutterfly.com,Female
408,Marlo,mbyforthbb@shop-pro.jp,Male
409,Kathe,kbleasdillebc@pbs.org,Female
410,Den,dredsellbd@e-recht24.de,Male
411,Faydra,fmacsorleybe@imageshack.us,Female
412,Codee,clambrickbf@shareasale.com,Female
413,Bondy,bbrodeurbg@oracle.com,Male
414,Ciro,cglavinbh@indiegogo.com,Male
415,Rennie,rshireffbi@unesco.org,Female
416,Ashley,agatrellbj@topsy.com,Female
417,Ania,aempringhambk@delicious.com,Female
418,Buddy,bbeazebl@simplemachines.org,Male
419,Alysia,ahuntingbm@gov.uk,Female
420,Jill,jpaitonbn@fc2.com,Female
421,Kirbie,kcoylebo@weibo.com,Female
422,Mill,magettbp@marriott.com,Male
423,Brendan,bmatuszakbq@cnet.com,Male
424,Garrick,gnormabellbr@noaa.gov,Male
425,Ali,amatteobs@opera.com,Female
426,Nicoli,nangierbt@linkedin.com,Female
427,Worden,wsimantsbu@slideshare.net,Male
428,Nan,ncrothersbv@zdnet.com,Female
429,Christy,cgodsellbw@ycombinator.com,Female
430,Jesse,jdenyukhinbx@usda.gov,Male
431,Dionysus,dcarlessby@multiply.com,Male
432,Durant,dlahrsbz@weather.com,Male
433,Hesther,heagarc0@drupal.org,Female
434,Henry,hbarbec1@eventbrite.com,Male
435,Lazaro,lcalterac2@sina.com.cn,Male
436,Carson,cvasserc3@mac.com,Male
437,Layton,lohalleghanec4@cnn.com,Male
438,Dagny,dzorzettic5@weather.com,Male
439,Tiphanie,tsinsonc6@cdbaby.com,Female
440,Aeriell,adecleynec7@tripadvisor.com,Female
441,Persis,psagec8@sohu.com,Female
442,Wilbert,wslimonc9@yellowpages.com,Male
443,Michele,mtudhopeca@nytimes.com,Male
444,Stephen,scarlawcb@thetimes.co.uk,Male
445,Levey,lbienvenucc@trellian.com,Male
446,Eugene,etuckiecd@usda.gov,Male
447,Marin,mhartnellce@fastcompany.com,Female
448,Jason,jfaheycf@xing.com,Male
449,Grier,gmicahcg@delicious.com,Female
450,Ross,rlarkkemch@free.fr,Male
451,Leonardo,ltrickettci@bbc.co.uk,Male
452,Boote,blilliecj@fema.gov,Male
453,Aloin,aberzonck@auda.org.au,Male
454,Creight,ctaggettcl@sakura.ne.jp,Male
455,Thane,tgulliscm@ebay.com,Male
456,Greer,gimlochcn@chicagotribune.com,Female
457,Tedd,ttomanco@instagram.com,Male
458,Odie,obeddoescp@joomla.org,Male
459,Roy,rridoutcq@unicef.org,Male
460,Janeta,jsummerillcr@epa.gov,Female
461,Zorina,zknightleycs@fda.gov,Female
462,Cointon,cbrumfieldct@dell.com,Male
463,Rockie,rwhoolehancu@theglobeandmail.com,Male
464,Marrilee,mdebruincv@nps.gov,Female
465,Bonny,bgarkencw@mediafire.com,Female
466,Clerissa,csibillecx@w3.org,Female
467,Quinn,qsimoneaucy@homestead.com,Female
468,Chan,cbussonscz@quantcast.com,Male
469,Kinny,kchallenderd0@discuz.net,Male
470,Asia,aclapisond1@va.gov,Female
471,Krystle,ksimmgend2@cloudflare.com,Female
472,Emlynn,ebretond3@washingtonpost.com,Female
473,Erastus,esiviord4@vk.com,Male
474,Anitra,atoyed5@cdbaby.com,Female
475,Pip,ppollakd6@barnesandnoble.com,Male
476,Tan,tcheltnamd7@eventbrite.com,Male
477,Abby,awaddied8@sfgate.com,Male
478,Shoshana,sblandd9@state.tx.us,Female
479,Elysia,edaykinda@google.com,Female
480,Klarrisa,kspicerdb@intel.com,Female
481,Nickolas,ndoberdc@joomla.org,Male
482,Christabella,cbehrendsendd@apache.org,Female
483,Eleonore,erowande@altervista.org,Female
484,Julia,jcastigliodf@home.pl,Female
485,Marshall,mbillingsdg@hc360.com,Male
486,Carilyn,csnoddydh@soundcloud.com,Female
487,Kitti,kaltondi@shinystat.com,Female
488,Lorrie,lbrumptondj@github.com,Male
489,Hallsy,heddiedk@taobao.com,Male
490,Elfrieda,eatchlydl@umn.edu,Female
491,Xaviera,xwinscombdm@prnewswire.com,Female
492,Linc,ldurnodn@ed.gov,Male
493,Annadiana,abumbydo@who.int,Female
494,Maurise,madlingtondp@msn.com,Female
495,Blanche,bdebrettdq@virginia.edu,Female
496,Timmy,thammattdr@google.ca,Female
497,Brina,bloidlds@webnode.com,Female
498,Morena,mfeyedt@unblog.fr,Female
499,Stepha,ssilvermandu@paginegialle.it,Female
500,Cletis,clovejoydv@apache.org,Male
501,Brion,binottdw@guardian.co.uk,Male
502,Alvie,agedgedx@archive.org,Male
503,Amerigo,abradburnedy@tuttocitta.it,Male
504,Arvin,aswindz@example.com,Male
505,Urbain,ucockerhame0@sohu.com,Male
506,Desi,docarrolle1@delicious.com,Male
507,Dewey,dmingayee2@wordpress.com,Male
508,Kliment,kauburye3@uiuc.edu,Male
509,Jervis,jdrinkele4@networksolutions.com,Male
510,Karyl,khalliwelle5@sun.com,Female
511,Arlette,afarncombe6@reverbnation.com,Female
512,Mariam,mheartfielde7@cbslocal.com,Female
513,Roddy,rjoanice8@patch.com,Male
514,Cornell,clambole9@xrea.com,Male
515,Karry,kferaghea@trellian.com,Female
516,Dermot,dfilasoveb@salon.com,Male
517,Llewellyn,lnorledgeec@github.com,Male
518,Ninetta,nteggined@census.gov,Female
519,Jasun,jginglellee@simplemachines.org,Male
520,Kristoffer,ktwiningef@cornell.edu,Male
521,Dicky,dinglesanteg@symantec.com,Male
522,Lina,ltoyeh@admin.ch,Female
523,Codie,cwindibankei@amazon.co.uk,Male
524,Clay,cfiddianej@state.gov,Male
525,Walliw,wedserek@sitemeter.com,Female
526,Alanson,ableacherel@icq.com,Male
527,Edgard,edarragonem@wsj.com,Male
528,Jen,jrampleeen@elpais.com,Female
529,Kaiser,kbaumadiereo@360.cn,Male
530,Ashlen,alarciereep@google.com.hk,Female
531,Cliff,cmclleeseeq@ft.com,Male
532,Marigold,mdowninger@tumblr.com,Female
533,Dotty,dhalwardes@latimes.com,Female
534,Matthew,msalvadoreet@cmu.edu,Male
535,Clerkclaude,clownieeu@icio.us,Male
536,Nikos,ndovermannev@bloglovin.com,Male
537,Haven,hshakeladyew@reddit.com,Male
538,Amerigo,afoundex@blogs.com,Male
539,Lorin,lleppingtoney@ftc.gov,Male
540,Gordie,glinningez@uol.com.br,Male
541,Kiel,kleftwichf0@cdbaby.com,Male
542,Eunice,edwelleyf1@loc.gov,Female
543,Clemence,ccornnerf2@sciencedirect.com,Female
544,Zachary,zdionisif3@freewebs.com,Male
545,Artemas,apendellf4@facebook.com,Male
546,Quillan,qkemmetf5@gov.uk,Male
547,Korie,kspatigf6@phoca.cz,Female
548,Christan,cseaf7@vimeo.com,Female
549,Cleon,caudusf8@state.tx.us,Male
550,Orv,ojarayf9@weibo.com,Male
551,Marice,mbartolfa@php.net,Female
552,Harwell,haringtonfb@ucoz.ru,Male
553,Bonita,blebbonfc@google.ca,Female
554,Kirbee,kfaderfd@toplist.cz,Female
555,Winnifred,wdykafe@unesco.org,Female
556,Farly,fpomfretff@reuters.com,Male
557,Matthaeus,mcoatesfg@blog.com,Male
558,Nicko,ngillowfh@cnn.com,Male
559,Erasmus,ebridgemanfi@webs.com,Male
560,Brnaby,bheathfj@bbc.co.uk,Male
561,Emilie,esinnettfk@gov.uk,Female
562,Julius,jsaylesfl@home.pl,Male
563,Domenic,djellyfm@ed.gov,Male
564,Rodd,rromeifn@discovery.com,Male
565,Collie,cvandervliesfo@mayoclinic.com,Female
566,Ellswerth,evautierfp@goo.gl,Male
567,Alisun,astradlingfq@shop-pro.jp,Female
568,Aubrette,apatzeltfr@prlog.org,Female
569,Farley,fspriddlefs@soundcloud.com,Male
570,Mead,mklimentft@hexun.com,Male
571,Mari,mbartoszekfu@tmall.com,Female
572,Parrnell,pmasseofv@home.pl,Male
573,Mandel,mtrainfw@howstuffworks.com,Male
574,Corrina,cwickershamfx@reuters.com,Female
575,Allegra,ashermefy@gov.uk,Female
576,Berny,bjurickfz@ustream.tv,Female
577,Rodolfo,rsmeetong0@canalblog.com,Male
578,Alayne,acleyburng1@list-manage.com,Female
579,Belia,bvittorig2@vkontakte.ru,Female
580,Rachelle,rtilbrookg3@berkeley.edu,Female
581,Dylan,drodliffg4@sphinn.com,Male
582,Dasha,ddominguesg5@lulu.com,Female
583,Adeline,aoloughling6@yandex.ru,Female
584,Scarlett,sbarltropg7@reverbnation.com,Female
585,Olivie,ocabellg8@myspace.com,Female
586,Englebert,erebillardg9@sourceforge.net,Male
587,Oralle,opagelsenga@dion.ne.jp,Female
588,Tome,tstanlackgb@xing.com,Male
589,Althea,aheavysidegc@flickr.com,Female
590,Milton,mburrellgd@livejournal.com,Male
591,Dav,dwormstonege@paypal.com,Male
592,Gradeigh,gmapletoftgf@wix.com,Male
593,Giselbert,gfrielgg@forbes.com,Male
594,Emerson,etaffurelligh@cargocollective.com,Male
595,Erie,egiottogi@example.com,Male
596,Rustin,rprogergj@sciencedirect.com,Male
597,Chane,cwallbankgk@weibo.com,Male
598,Giffard,gfinngl@geocities.jp,Male
599,Aldon,aruttgm@hexun.com,Male
600,Anatola,acrimpegn@ocn.ne.jp,Female
601,Suzette,sheerango@technorati.com,Female
602,Abigael,aromkegp@elegantthemes.com,Female
603,Antons,asporlegq@psu.edu,Male
604,Darelle,dmoulegr@bravesites.com,Female
605,Brynn,bcameranags@guardian.co.uk,Female
606,Erinn,egregongt@sakura.ne.jp,Female
607,Jacky,jgentricgu@360.cn,Male
608,Quintina,qmilwardgv@ca.gov,Female
609,Welch,wscrinagegw@dagondesign.com,Male
610,Barnebas,blutogx@xrea.com,Male
611,Ichabod,imonkmangy@ox.ac.uk,Male
612,Callean,crampleygz@sciencedirect.com,Male
613,Babette,bdudlistonh0@jugem.jp,Female
614,Tybalt,tferencowiczh1@addthis.com,Male
615,Hayward,hbrastedh2@statcounter.com,Male
616,Lida,lcrumlyh3@yandex.ru,Female
617,Albina,asturmh4@shop-pro.jp,Female
618,Kristoffer,kprovesth5@ftc.gov,Male
619,Nanny,ncroxonh6@qq.com,Female
620,Zaria,zkhadirh7@ft.com,Female
621,Beverlie,badamowiczh8@networksolutions.com,Female
622,Goldy,ggiraudath9@zimbio.com,Female
623,Orella,ocockerillha@arizona.edu,Female
624,Paloma,psivewrighthb@friendfeed.com,Female
625,Nollie,nsidehc@cafepress.com,Male
626,Serene,sbeneshd@123-reg.co.uk,Female
627,Aksel,aweedhe@cisco.com,Male
628,Ingamar,iastinhf@mysql.com,Male
629,Gabriello,ghubbuckehg@va.gov,Male
630,Paddie,pmatehh@skype.com,Male
631,Ludovico,lfrancecionehi@ted.com,Male
632,Carena,cbladehj@europa.eu,Female
633,Prentiss,plongsonhk@yale.edu,Male
634,Benson,bgumbyhl@about.me,Male
635,Konrad,kveldehm@foxnews.com,Male
636,Pattie,pballisterhn@bigcartel.com,Female
637,Gasper,ggoodbandho@ucoz.ru,Male
638,Matthus,mveneshp@networksolutions.com,Male
639,Debby,dhamshawhq@miibeian.gov.cn,Female
640,Stillmann,sbentehr@desdev.cn,Male
641,Hillie,hstrobandhs@nih.gov,Male
642,Madison,mtredinnickht@xrea.com,Male
643,Kayley,kmacaulayhu@hao123.com,Female
644,Gwenni,gdelacroixhv@xrea.com,Female
645,Cherri,cotridgehw@tamu.edu,Female
646,Irene,icrippshx@wikipedia.org,Female
647,Claudine,cjimenezhy@imgur.com,Female
648,Kerrie,kbowfinhz@instagram.com,Female
649,Erma,ewhitworthi0@marketwatch.com,Female
650,Janice,jantyukhini1@umich.edu,Female
651,Berty,bpaddeleyi2@t.co,Male
652,Ketti,kfrodshami3@artisteer.com,Female
653,Nicholas,nbedlingtoni4@un.org,Male
654,Karrah,kelcocksi5@blogs.com,Female
655,Vail,vbrickdalei6@intel.com,Male
656,Fraze,fkarmeli7@google.ca,Male
657,Hiram,hvlachi8@gnu.org,Male
658,Augustin,apaueli9@bluehost.com,Male
659,Issie,imosconeia@phoca.cz,Female
660,Annadiana,abuxeyib@senate.gov,Female
661,Marleah,maujeanic@baidu.com,Female
662,Mame,msmithemanid@theatlantic.com,Female
663,Webb,wwildberie@tumblr.com,Male
664,Flss,fbrittonerif@artisteer.com,Female
665,Ali,asowreyig@rediff.com,Male
666,Vernor,vneumannih@feedburner.com,Male
667,Margarete,mweskerii@zdnet.com,Female
668,Donnamarie,dperringij@europa.eu,Female
669,Avram,abatchik@hatena.ne.jp,Male
670,Aile,awakeril@ebay.com,Female
671,Marys,mmatessianim@bbc.co.uk,Female
672,Netti,npahlssonin@posterous.com,Female
673,Ingmar,ileprevostio@digg.com,Male
674,Olive,ogianulliip@alexa.com,Female
675,Tomaso,tcolquittiq@zimbio.com,Male
676,Kessia,klezemereir@jiathis.com,Female
677,Heda,htalis@google.com.au,Female
678,Caresa,chonywillit@mlb.com,Female
679,Koo,kbarrowcliffeiu@ning.com,Female
680,Hercule,hwinleyiv@time.com,Male
681,Alexia,adelacourtiw@dailymail.co.uk,Female
682,Minetta,mtintoix@state.gov,Female
683,Frieda,fhabbemaiy@apple.com,Female
684,Rochelle,rkemsteriz@istockphoto.com,Female
685,Philbert,pgianneschij0@bigcartel.com,Male
686,Tabina,thaswellj1@timesonline.co.uk,Female
687,Abeu,awarinj2@booking.com,Male
688,Dyanne,dmcloughlinj3@archive.org,Female
689,Clair,cburfittj4@g.co,Male
690,Zack,zgeggusj5@tinypic.com,Male
691,Rory,rgoodspeedj6@dion.ne.jp,Female
692,Dewey,dfirpoj7@examiner.com,Male
693,Kylie,kgulbergj8@alexa.com,Female
694,Cassius,caudleyj9@theguardian.com,Male
695,Nell,nsedgmanja@yahoo.co.jp,Female
696,Amalie,asummersbyjb@github.com,Female
697,Wolfie,wfareweatherjc@surveymonkey.com,Male
698,Shina,swintersonjd@dot.gov,Female
699,Lay,llouchje@homestead.com,Male
700,Tailor,tlepoidevinjf@nifty.com,Male
701,Noelani,nferrersjg@google.fr,Female
702,Marya,mshortenjh@patch.com,Female
703,Bartlet,balexsandrowiczji@barnesandnoble.com,Male
704,Sofie,sboggishjj@google.nl,Female
705,Bale,bminshawjk@freewebs.com,Male
706,Cammy,cmcdonandjl@army.mil,Female
707,Kyla,kmccolljm@sina.com.cn,Female
708,Caryn,csquelchjn@creativecommons.org,Female
709,Aloysia,aeverettjo@slashdot.org,Female
710,Donnamarie,dbennettsjp@php.net,Female
711,Ignacius,ikarpovjq@altervista.org,Male
712,Webb,wblankojr@wikimedia.org,Male
713,Darlleen,dbortolijs@dion.ne.jp,Female
714,Mickie,mstennettjt@acquirethisname.com,Male
715,Jasmine,jkalbju@tuttocitta.it,Female
716,Garth,gbenallackjv@stanford.edu,Male
717,Burlie,bdreweryjw@dyndns.org,Male
718,Rodge,ryabsleyjx@xing.com,Male
719,Allan,agrimejy@elpais.com,Male
720,Desiree,dsteinhamjz@ning.com,Female
721,Sylvan,swhitwhamk0@google.it,Male
722,Vladimir,vcoryndonk1@tamu.edu,Male
723,Koo,klilywhitek2@symantec.com,Female
724,Avril,athomingak3@netvibes.com,Female
725,Lorie,lsemirask4@sfgate.com,Female
726,Thatch,tcattok5@gravatar.com,Male
727,Barnebas,bgunsonk6@soup.io,Male
728,Link,lbetancourtk7@networkadvertising.org,Male
729,Anneliese,akimmingsk8@yellowbook.com,Female
730,Cal,ckerinsk9@upenn.edu,Male
731,Pierce,pmaidstoneka@hud.gov,Male
732,Claudio,crichterkb@sfgate.com,Male
733,Timi,tshawleykc@51.la,Female
734,Shelagh,sporterkd@utexas.edu,Female
735,Gretel,ggerhardtke@ning.com,Female
736,Dusty,dpetherkf@soup.io,Female
737,Tallulah,tcruickshankkg@comsenz.com,Female
738,Chelsey,cgoodsallkh@skype.com,Female
739,Durant,depiscopioki@4shared.com,Male
740,Findlay,fmacsorleykj@trellian.com,Male
741,Yorker,yraysdalekk@omniture.com,Male
742,Harry,hnavankl@google.es,Male
743,Vale,vkieltkm@jalbum.net,Male
744,Dagny,djosumkn@stanford.edu,Male
745,Odette,ooattesko@myspace.com,Female
746,Tallou,thuddkp@webmd.com,Female
747,Shalne,sstampkq@usatoday.com,Female
748,Fax,fburnappkr@skyrock.com,Male
749,Daniella,dbortonks@opera.com,Female
750,Martina,mswindellkt@cocolog-nifty.com,Female
751,Nico,nbroodku@cpanel.net,Male
752,Jessika,jceschikv@apple.com,Female
753,Rosemarie,rkemittkw@google.ca,Female
754,Anne-corinne,aactonkx@opensource.org,Female
755,Sascha,sprinceky@dmoz.org,Female
756,Elvyn,efarrawaykz@accuweather.com,Male
757,Kathryn,ktolcharl0@dot.gov,Female
758,Catriona,cbartkiewiczl1@tripod.com,Female
759,Jillane,jjodrellecl2@meetup.com,Female
760,Veda,vdumphyl3@reference.com,Female
761,Ed,erucklidgel4@reuters.com,Male
762,Anthea,ahoodlassl5@google.com,Female
763,Novelia,nsplavenl6@canalblog.com,Female
764,Birgit,bwincerl7@google.com.hk,Female
765,Netty,nrumminl8@arizona.edu,Female
766,Giuditta,gvaldesl9@virginia.edu,Female
767,Ken,kmarcinkowskila@php.net,Male
768,Ingmar,irosierlb@ebay.co.uk,Male
769,James,jmcpeicelc@paginegialle.it,Male
770,Tye,targontld@gravatar.com,Male
771,Haslett,hrolsele@nature.com,Male
772,Parker,paddymanlf@walmart.com,Male
773,Harald,hstokoelg@moonfruit.com,Male
774,Odelia,oklemtlh@google.pl,Female
775,Lorry,lferneleyli@skype.com,Female
776,Ethelbert,evondraseklj@disqus.com,Male
777,Lucas,lalveslk@patch.com,Male
778,Ernie,eglantonll@histats.com,Male
779,Abelard,agoodersonlm@globo.com,Male
780,Robenia,rclellln@booking.com,Female
781,Niven,nwaitonlo@yellowpages.com,Male
782,Nigel,neeleslp@github.com,Male
783,Taite,tlowaterlq@illinois.edu,Male
784,Berna,bgoodbournlr@51.la,Female
785,Carlina,cnairnels@1und1.de,Female
786,Adriaens,aplenderleithlt@elegantthemes.com,Female
787,Bat,bargylelu@mapquest.com,Male
788,Emmanuel,edominolv@mtv.com,Male
789,Faulkner,fkelwaylw@myspace.com,Male
790,Cristal,cfeildenlx@pagesperso-orange.fr,Female
791,Lethia,llattosly@furl.net,Female
792,Rheta,rdubblelz@rediff.com,Female
793,Henderson,heagleshamm0@tripod.com,Male
794,Elie,efishbournem1@uol.com.br,Female
795,Rosabel,rsowreym2@google.es,Female
796,Roldan,rmacbeym3@loc.gov,Male
797,Gunther,gbattem4@friendfeed.com,Male
798,Savina,showsanm5@who.int,Female
799,Morgan,mhanscomm6@washingtonpost.com,Female
800,Paulita,pianettim7@wordpress.org,Female
801,Arny,atysallm8@yelp.com,Male
802,Ardelle,amackernessm9@boston.com,Female
803,Barnard,bdelaperrellema@pcworld.com,Male
804,Felicity,fenevoldmb@vinaora.com,Female
805,Lemuel,lbuchanmc@europa.eu,Male
806,Dorothee,djarretmd@utexas.edu,Female
807,Damon,dkarpmannme@ask.com,Male
808,Isador,isextonmf@wix.com,Male
809,Leanna,ldavenhillmg@businessinsider.com,Female
810,Curran,cbumbymh@bloomberg.com,Male
811,Kennith,kgingermi@wp.com,Male
812,Addi,agarnulmj@ning.com,Female
813,Chrotoem,cdoughterymk@addthis.com,Male
814,Wernher,wmcsporrinml@about.com,Male
815,Shelby,shanburymm@dagondesign.com,Female
816,Maurice,mbottonermn@businessinsider.com,Male
817,Sonny,strulockmo@china.com.cn,Male
818,Tine,tcraythornmp@gmpg.org,Female
819,Tobias,tvelamq@earthlink.net,Male
820,Fransisco,fspellessymr@networkadvertising.org,Male
821,Mair,mhaymanms@tripadvisor.com,Female
822,Luce,lradagemt@meetup.com,Male
823,Clarine,cmaidenmu@parallels.com,Female
824,Andie,alellomv@toplist.cz,Female
825,Viviene,vleyesmw@stanford.edu,Female
826,Ike,irobardetmx@e-recht24.de,Male
827,Marmaduke,mveyseymy@un.org,Male
828,Corey,cworsfoldmz@sciencedaily.com,Female
829,Merilee,mredgraven0@unblog.fr,Female
830,Morris,mkyddn1@amazon.co.jp,Male
831,Niven,nfludgaten2@wiley.com,Male
832,Gran,gbaldackn3@home.pl,Male
833,Glen,gglendzan4@tamu.edu,Female
834,Christa,ckissickn5@facebook.com,Female
835,Corissa,ckohlertn6@drupal.org,Female
836,Henderson,hprangleyn7@lulu.com,Male
837,Davin,dackersn8@yellowpages.com,Male
838,Jerrold,jmakeswelln9@economist.com,Male
839,Valene,vgraceyna@independent.co.uk,Female
840,Magda,mdericotnb@privacy.gov.au,Female
841,Carling,csebleync@zimbio.com,Male
842,Marcille,mgrobnd@mit.edu,Female
843,Blancha,bdachne@blogs.com,Female
844,Dallas,deamesnf@blogspot.com,Male
845,Merrielle,myoungeng@360.cn,Female
846,Angie,aantonsennh@yale.edu,Male
847,Marina,mbatterni@cloudflare.com,Female
848,Berna,bmcguanenj@imageshack.us,Female
849,Sisely,sgianuzzink@cafepress.com,Female
850,Odille,odalessandronl@spotify.com,Female
851,Estel,ewonfarnm@homestead.com,Female
852,Nicolette,nvannnn@china.com.cn,Female
853,Clea,csurrno@cyberchimps.com,Female
854,Erda,eprucenp@4shared.com,Female
855,Hurleigh,hsheriffnq@prlog.org,Male
856,Elizabeth,ecattermoulnr@networksolutions.com,Female
857,Wilfrid,wgiacomonins@whitehouse.gov,Male
858,Bertha,bjacknt@si.edu,Female
859,Marrissa,mfernantnu@nytimes.com,Female
860,Dorisa,dsouthgatenv@foxnews.com,Female
861,Roman,rscarboroughnw@pcworld.com,Male
862,Rudolf,rbroadnickenx@bandcamp.com,Male
863,Bambi,bgawthropny@smugmug.com,Female
864,Ingrim,ileathernz@networkadvertising.org,Male
865,Merlina,mblinkhorno0@wp.com,Female
866,Lisabeth,lkinmondo1@yellowpages.com,Female
867,Jesselyn,jscullino2@goo.gl,Female
868,Rudy,rcatfordo3@woothemes.com,Male
869,Chlo,cayshfordo4@webnode.com,Female
870,Dominique,dcardilloo5@ifeng.com,Female
871,Edmund,ebosmano6@youtu.be,Male
872,Harriette,hgiurono7@who.int,Female
873,Zorina,zyantsurevo8@geocities.com,Female
874,Gilemette,gtemperleyo9@cargocollective.com,Female
875,Bernadette,broomeoa@etsy.com,Female
876,Debi,dpuffettob@apache.org,Female
877,Queenie,qcoucheoc@unicef.org,Female
878,Ambrose,ariddifordod@newyorker.com,Male
879,Aldus,adurmanoe@pinterest.com,Male
880,Budd,bstaddonof@ovh.net,Male
881,Dallis,dleverageog@seesaa.net,Male
882,Marcelia,mgustickeoh@nature.com,Female
883,Brade,bdimmeroi@mozilla.com,Male
884,Byron,bstansalloj@un.org,Male
885,Thorndike,tsustinok@paypal.com,Male
886,Orion,ocaileol@reverbnation.com,Male
887,Leonelle,lheningamom@elegantthemes.com,Female
888,Cathi,cwykeon@dailymotion.com,Female
889,Benjie,bosharryoo@digg.com,Male
890,Kyle,kfiddianop@blogs.com,Female
891,Marvin,mcastaneroq@imgur.com,Male
892,Regina,rharsnipeor@etsy.com,Female
893,Hort,hblanchos@oracle.com,Male
894,Norean,nbrodheadot@twitpic.com,Female
895,Tamra,tspeariettou@cargocollective.com,Female
896,Colver,cmaureenov@goodreads.com,Male
897,Nefen,ntaileow@domainmarket.com,Male
898,Gordie,ghowlerox@newsvine.com,Male
899,Ajay,aessexoy@wikipedia.org,Female
900,Ernest,emackinnonoz@photobucket.com,Male
901,Conchita,cdarkerp0@istockphoto.com,Female
902,Ofelia,okenerp1@yellowpages.com,Female
903,Cammy,cdougillp2@independent.co.uk,Female
904,Benedick,bgilbanep3@cpanel.net,Male
905,Basilius,bjobesp4@narod.ru,Male
906,Vida,vspurrittp5@paypal.com,Female
907,Malchy,mfoddenp6@seesaa.net,Male
908,Alfy,adevonsp7@amazon.co.uk,Male
909,Camille,cvallensp8@redcross.org,Female
910,Haskell,hfoskewp9@spotify.com,Male
911,Ulrica,ulotheanpa@webeden.co.uk,Female
912,Gaspar,gcruickshankpb@moonfruit.com,Male
913,Laurene,lvonoertzenpc@miibeian.gov.cn,Female
914,Nickolas,nroebuckpd@icio.us,Male
915,Laurence,ljarmynpe@sohu.com,Male
916,Agata,agoodshippf@umich.edu,Female
917,Liz,lwaldenpg@epa.gov,Female
918,Gerry,gbottlesonph@telegraph.co.uk,Female
919,Gabie,gbushrodpi@springer.com,Male
920,Aurelia,afetterspj@google.pl,Female
921,Maribeth,mschaumannpk@mapquest.com,Female
922,Iona,ititfordpl@intel.com,Female
923,Fayina,fcomportpm@google.de,Female
924,Ingra,iaishpn@illinois.edu,Male
925,Jaye,jpotkinspo@amazon.de,Male
926,Garvey,gmcgarrellpp@quantcast.com,Male
927,Johann,jiveaghpq@europa.eu,Male
928,Annamarie,aburnelpr@salon.com,Female
929,Dedie,dhecksps@virginia.edu,Female
930,Isabelita,idmytrykpt@netvibes.com,Female
931,Nancy,ntiverspu@domainmarket.com,Female
932,Zora,zkatzmannpv@scientificamerican.com,Female
933,Tabbie,tskethpw@senate.gov,Female
934,Eamon,ehardbattlepx@wikimedia.org,Male
935,Sofie,smackonochiepy@tumblr.com,Female
936,Way,wflorentinepz@guardian.co.uk,Male
937,Lib,lcrombieq0@chron.com,Female
938,Jorgan,jbampfieldq1@bbb.org,Male
939,Barrie,bdunkerlyq2@reuters.com,Male
940,Lloyd,lmoraisq3@163.com,Male
941,Jeniffer,jbubbearq4@webs.com,Female
942,Kathy,kgreeveq5@mashable.com,Female
943,Sauveur,sdreamerq6@i2i.jp,Male
944,Verina,vscawtonq7@fema.gov,Female
945,Burr,bamoriq8@psu.edu,Male
946,Christel,chazemanq9@github.io,Female
947,Fania,fogleasaneqa@yolasite.com,Female
948,Chelsae,ctatchellqb@biblegateway.com,Female
949,Kiel,kpawlataqc@jalbum.net,Male
950,Rosco,rvigerqd@webnode.com,Male
951,Ivie,imissendenqe@sciencedaily.com,Female
952,Gusella,ggulstonqf@mac.com,Female
953,Genovera,gtrayhornqg@adobe.com,Female
954,Yard,yhardingeqh@taobao.com,Male
955,Hollis,hloftqi@wordpress.com,Male
956,Glennie,glumbyqj@guardian.co.uk,Female
957,Arch,aphilipsonqk@nps.gov,Male
958,Zacharia,zmilleql@washington.edu,Male
959,Feliza,fhamfleetqm@huffingtonpost.com,Female
960,Colin,ccopelliqn@gravatar.com,Male
961,Mycah,mweedsqo@flickr.com,Male
962,Dennis,dgritskovqp@cbslocal.com,Male
963,Timotheus,tstapfordqq@house.gov,Male
964,Lilla,lkearyqr@oracle.com,Female
965,Serge,swormsqs@g.co,Male
966,Chet,ctesmondqt@aol.com,Male
967,Blancha,bpischoffqu@hatena.ne.jp,Female
968,Godard,gmartinezqv@rakuten.co.jp,Male
969,Bradney,bbigadikeqw@cnbc.com,Male
970,Junette,jmorsleyqx@networksolutions.com,Female
971,Vasily,vbarlieqy@forbes.com,Male
972,Karyn,kburdfieldqz@nifty.com,Female
973,Nickie,nflieger0@exblog.jp,Male
974,Glyn,gspringhamr1@ft.com,Male
975,Esdras,escottesmoorr2@boston.com,Male
976,Nigel,nreader3@omniture.com,Male
977,Faina,fcamacker4@geocities.jp,Female
978,Merci,mculpinr5@google.com.hk,Female
979,Lolly,ldumbrellr6@adobe.com,Female
980,Raymund,rshillsr7@ebay.co.uk,Male
981,Vincenz,vjeevesr8@unesco.org,Male
982,Frederique,flauksr9@stanford.edu,Female
983,Willette,wbourtoumieuxra@hatena.ne.jp,Female
984,Avis,ajanssensrb@shareasale.com,Female
985,Guillermo,gpettengellrc@toplist.cz,Male
986,Xever,xtitchenrd@weather.com,Male
987,Che,cschachre@umn.edu,Male
988,Justinn,jbenoisrf@google.fr,Female
989,Nels,nspadeckrg@baidu.com,Male
990,Zebadiah,zhanselrh@delicious.com,Male
991,Umberto,usawfootri@linkedin.com,Male
992,Angil,abreachrj@china.com.cn,Female
993,Maggy,mmurtyrk@narod.ru,Female
994,Bartlett,bcreswellrl@biblegateway.com,Male
995,Lavinie,lrattrierm@pen.io,Female
996,Barclay,boffordrn@nps.gov,Male
997,Noak,nhemblingro@huffingtonpost.com,Male
998,Suzann,seastrp@squidoo.com,Female
999,Clarke,cchalfainrq@hp.com,Male
1000,Serene,slivensrr@bravesites.com,Female